Workbook

Sheet By Product
A1: Yield Historical (Kg) :
A2: NO | B2: PRODUCT | C2: ORIGIN | D2: BATCH 1 | E2: BATCH 2 | F2: BATCH 3 | G2: BATCH 4 | H2: BATCH 5 | I2: BATCH 6 | J2: BATCH 7 | K2: BATCH 8 | L2: BATCH 9 | M2: BATCH 10 | N2: BATCH 11 | O2: BATCH 12 | P2: BATCH 13 | Q2: BATCH 14 | R2: BATCH 15 | S2: BATCH 16 | T2: BATCH 17 | U2: BATCH 18 | V2: BATCH 19 | W2: BATCH 20 | X2: BATCH 21 | Y2: BATCH 22 | Z2: BATCH 23 | AA2: BATCH 24 | AB2: BATCH 25 | AC2: BATCH 26 | AD2: BATCH 27
A3: 1 | B3: RAJANGAN | C3: KASTURI | D3: ='SPR Batch 1'!E117 -> 3011.9 | J3: ='SPR Batch 7'!E89 -> 251.9 | K3: ='SPR Batch8'!E139 -> 425
A4: =A3+1 -> 2 | B4: RAJANGAN | C4: REMBANG | D4: ='SPR Batch 1'!E262 -> 4850 | P4: ='SPR Batch13'!E97 -> 3122.9 | S4: ='SPR Batch16'!E54 -> 1255.1 | V4: ='SPR Batch19'!E68 -> 1646.4
A5: =A4+1 -> 3 | B5: RAJANGAN | C5: Maesan | E5: ='SPR Batch 2'!D33 -> 285.1
A6: =A5+1 -> 4 | B6: RAJANGAN | C6: Paiton | E6: ='SPR Batch 2'!D61 -> 470.9 | F6: ='SPR Batch 3 '!D79 -> 770.8 | G6: ='SPR Batch 4 '!D82 -> 527.7 | H6: ='SPR Batch 5'!E79 -> 816 | I6: ='SPR Batch6'!E95 -> 894.4 | K6: ='SPR Batch8'!E72 -> 445.7 | M6: ='SPR Batch10'!E51 -> 1186.2 | O6: ='SPR Batch12'!E103 -> 2581.9
A7: =A6+1 -> 5 | B7: RAJANGAN | C7: Ploso | E7: ='SPR Batch 2'!D112 -> 187.2 | F7: ='SPR Batch 3 '!D42 -> 563.3 | N7: ='SPR Batch11'!E103 -> 2561.6
A8: =A7+1 -> 6 | B8: RAJANGAN | C8: Lombok 24 | E8: ='SPR Batch 2'!D92 -> 496.2 | F8: ='SPR Batch 3 '!D123 -> 896.3 | G8: ='SPR Batch 4 '!D51 -> 786.6 | H8: ='SPR Batch 5'!E43 -> 664.8 | K8: ='SPR Batch8'!E47 -> 758.3 | L8: ='SPR Batch9'!E53 -> 1007 | Z8: ='SPR Batch23'!E79 -> 1793.2
A9: =A8+1 -> 7 | B9: RAJANGAN | C9: Madura 25 | E9: ='SPR Batch 2'!D134 -> 511 | G9: ='SPR Batch 4 '!D135 -> 412 | H9: ='SPR Batch 5'!E110 -> 671.6 | K9: ='SPR Batch8'!E96 -> 397.3 | L9: ='SPR Batch9'!K104 -> 607.8 | T9: ='SPR Batch17'!E105 -> 2936.8 | U9: ='SPR Batch18'!E188 -> 6145.5
A10: =A9+1 -> 8 | B10: RAJANGAN | C10: Temanggung | E10: ='SPR Batch 2'!D176 -> 382.5 | F10: ='SPR Batch 3 '!D143 -> 380.5 | G10: ='SPR Batch 4 '!D111 -> 222.6 | I10: ='SPR Batch6'!E113 -> 160 | J10: ='SPR Batch 7'!E143 -> 426.3 | K10: ='SPR Batch8'!E113 -> 204 | L10: ='SPR Batch9'!E75 -> 418 | M10: ='SPR Batch10'!E71 -> 318 | Q10: ='SPR Batch14'!E31 -> 731.6 | R10: ='SPR Batch15'!E32 -> 827 | W10: ='SPR Batch20'!E30 -> 752.3 | Y10: ='SPR Batch22'!E30 -> 737.5
A11: =A10+1 -> 9 | B11: RAJANGAN | C11: Lombok 25 | G11: ='SPR Batch 4 '!D159 -> 334.7 | I11: ='SPR Batch6'!E53 -> 827.2 | J11: ='SPR Batch 7'!E65 -> 1195.4 | X11: ='SPR Batch21'!E61 -> 1642.2
B12: GRAND TOTAL | D12: =SUM(D3:D11) -> 7861.9 | E12: =SUM(E3:E11) -> 2332.9 | F12: =SUM(F3:F11) -> 2610.9 | G12: =SUM(G3:G11) -> 2283.6 | H12: =SUM(H3:H11) -> 2152.4 | I12: =SUM(I3:I11) -> 1881.6 | J12: =SUM(J3:J11) -> 1873.6 | K12: =SUM(K3:K11) -> 2230.3 | ... AD12: =SUM(AD3:AD11) -> 0
A14: Bits Stem Historical (Kg):
A15: NO | B15: PRODUCT | C15: ORIGIN | D15: BATCH 1 | E15: BATCH 2 | F15: BATCH 3 | G15: BATCH 4 | H15: BATCH 5 | I15: BATCH 6 | J15: BATCH 7 | K15: BATCH 8 | L15: BATCH 9 | M15: BATCH 10 | N15: BATCH 11 | O15: BATCH 12 | P15: BATCH 13 | Q15: BATCH 14 | R15: BATCH 15 | S15: BATCH 16 | T15: BATCH 17 | U15: BATCH 18 | V15: BATCH 19 | W15: BATCH 20 | X15: BATCH 21 | Y15: BATCH 22 | Z15: BATCH 23 | AA15: BATCH 24 | AB15: BATCH 25 | AC15: BATCH 26 | AD15: BATCH 27
A16: 1 | B16: RAJANGAN | C16: KASTURI | D16: ='SPR Batch 1'!F117 -> 916.5 | J16: ='SPR Batch 7'!F89 -> 150.5 | K16: ='SPR Batch8'!F139 -> 88.1
A17: =A16+1 -> 2 | B17: RAJANGAN | C17: REMBANG | D17: ='SPR Batch 1'!F262 -> 848.3 | P17: ='SPR Batch13'!F97 -> 309.8 | S17: ='SPR Batch16'!F54 -> 185.7 | V17: ='SPR Batch19'!F68 -> 227.7
A18: =A17+1 -> 3 | B18: RAJANGAN | C18: Maesan | E18: ='SPR Batch 2'!E33 -> 95.2
A19: =A18+1 -> 4 | B19: RAJANGAN | C19: Paiton | E19: ='SPR Batch 2'!E61 -> 251.7 | F19: ='SPR Batch 3 '!E79 -> 357.3 | G19: ='SPR Batch 4 '!E82 -> 251.2 | H19: ='SPR Batch 5'!F79 -> 219 | I19: ='SPR Batch6'!F95 -> 400.4 | K19: ='SPR Batch8'!F72 -> 75.1 | M19: ='SPR Batch10'!F51 -> 228 | O19: ='SPR Batch12'!F103 -> 984.9
A20: =A19+1 -> 5 | B20: RAJANGAN | C20: Ploso | E20: ='SPR Batch 2'!E112 -> 78.4 | F20: ='SPR Batch 3 '!E42 -> 157.8 | N20: ='SPR Batch11'!F103 -> 753.6
A21: =A20+1 -> 6 | B21: RAJANGAN | C21: Lombok 24 | E21: ='SPR Batch 2'!E92 -> 211.4 | F21: ='SPR Batch 3 '!E123 -> 432.7 | G21: ='SPR Batch 4 '!E51 -> 345.3 | H21: ='SPR Batch 5'!F43 -> 306.2 | K21: ='SPR Batch8'!F47 -> 263.6 | L21: ='SPR Batch9'!F53 -> 467.9 | Z21: ='SPR Batch23'!F79 -> 377.6
A22: =A21+1 -> 7 | B22: RAJANGAN | C22: Madura 25 | E22: ='SPR Batch 2'!E134 -> 126.6 | G22: ='SPR Batch 4 '!E135 -> 67.7 | H22: ='SPR Batch 5'!F110 -> 127.7 | K22: ='SPR Batch8'!F96 -> 115.2 | L22: ='SPR Batch9'!L104 -> 169.4 | T22: ='SPR Batch17'!F105 -> 201.9 | U22: ='SPR Batch18'!F188 -> 515.6
A23: =A22+1 -> 8 | B23: RAJANGAN | C23: Temanggung | E23: ='SPR Batch 2'!E176 -> 295.8 | F23: ='SPR Batch 3 '!E143 -> 307.4 | G23: ='SPR Batch 4 '!E111 -> 138.8 | I23: ='SPR Batch6'!F113 -> 134.9 | J23: ='SPR Batch 7'!F143 -> 349.6 | K23: ='SPR Batch8'!F113 -> 188.9 | L23: ='SPR Batch9'!F75 -> 492.9 | M23: ='SPR Batch10'!F71 -> 389 | Q23: ='SPR Batch14'!F31 -> 519.9 | R23: ='SPR Batch15'!F32 -> 561.3 | W23: ='SPR Batch20'!F30 -> 444.2 | Y23: ='SPR Batch22'!F30 -> 475.8
A24: =A23+1 -> 9 | B24: RAJANGAN | C24: Lombok 25 | G24: ='SPR Batch 4 '!E159 -> 144.9 | I24: ='SPR Batch6'!F53 -> 443.4 | J24: ='SPR Batch 7'!F65 -> 600.6 | X24: ='SPR Batch21'!F61 -> 298.9
B25: GRAND TOTAL | D25: =SUM(D16:D24) -> 1764.8 | E25: =SUM(E16:E24) -> 1059.1 | F25: =SUM(F16:F24) -> 1255.2 | G25: =SUM(G16:G24) -> 947.9 | H25: =SUM(H16:H24) -> 652.9 | I25: =SUM(I16:I24) -> 978.7 | J25: =SUM(J16:J24) -> 1100.7 | K25: =SUM(K16:K24) -> 730.9 | ... AD25: =SUM(AD16:AD24) -> 0
A26: Dust Historical (Kg) :
A27: NO | B27: PRODUCT | C27: ORIGIN | D27: BATCH 1 | E27: BATCH 2 | F27: BATCH 3 | G27: BATCH 4 | H27: BATCH 5 | I27: BATCH 6 | J27: BATCH 7 | K27: BATCH 8 | L27: BATCH 9 | M27: BATCH 10 | N27: BATCH 11 | O27: BATCH 12 | P27: BATCH 13 | Q27: BATCH 14 | R27: BATCH 15 | S27: BATCH 16 | T27: BATCH 17 | U27: BATCH 18 | V27: BATCH 19 | W27: BATCH 20 | X27: BATCH 21 | Y27: BATCH 22 | Z27: BATCH 23 | AA27: BATCH 24 | AB27: BATCH 25 | AC27: BATCH 26 | AD27: BATCH 27
A28: 1 | B28: RAJANGAN | C28: KASTURI | D28: ='SPR Batch 1'!G117 -> 54.5 | J28: ='SPR Batch 7'!G89 -> 9.2 | K28: ='SPR Batch8'!G139 -> 6.9
A29: =A28+1 -> 2 | B29: RAJANGAN | C29: REMBANG | D29: ='SPR Batch 1'!G262 -> 133.3 | P29: ='SPR Batch13'!G97 -> 95.2 | S29: ='SPR Batch16'!G54 -> 44.3 | V29: ='SPR Batch19'!G68 -> 59
A30: =A29+1 -> 3 | B30: RAJANGAN | C30: Maesan | E30: ='SPR Batch 2'!F33 -> 6.8
A31: =A30+1 -> 4 | B31: RAJANGAN | C31: Paiton | E31: ='SPR Batch 2'!F61 -> 11.1 | F31: ='SPR Batch 3 '!F79 -> 16.7 | G31: ='SPR Batch 4 '!F82 -> 11.9 | H31: ='SPR Batch 5'!G79 -> 13.5 | I31: ='SPR Batch6'!G95 -> 15.4 | K31: ='SPR Batch8'!G72 -> 7.5 | M31: ='SPR Batch10'!G51 -> 27.9 | O31: ='SPR Batch12'!G103 -> 50.2
A32: =A31+1 -> 5 | B32: RAJANGAN | C32: Ploso | E32: ='SPR Batch 2'!F112 -> 3.4 | F32: ='SPR Batch 3 '!F42 -> 6.5 | N32: ='SPR Batch11'!G103 -> 66
A33: =A32+1 -> 6 | B33: RAJANGAN | C33: Lombok 24 | E33: ='SPR Batch 2'!F92 -> 7.1 | F33: ='SPR Batch 3 '!F123 -> 20 | G33: ='SPR Batch 4 '!F51 -> 12.5 | H33: ='SPR Batch 5'!G43 -> 10.7 | K33: ='SPR Batch8'!G47 -> 15.4 | L33: ='SPR Batch9'!G53 -> 16.4 | Z33: ='SPR Batch23'!G79 -> 29.8
A34: =A33+1 -> 7 | B34: RAJANGAN | C34: Madura 25 | E34: ='SPR Batch 2'!F134 -> 10.8 | G34: ='SPR Batch 4 '!F135 -> 6.6 | H34: ='SPR Batch 5'!G110 -> 13.5 | K34: ='SPR Batch8'!G96 -> 7.9 | L34: ='SPR Batch9'!M104 -> 19.6 | T34: ='SPR Batch17'!G105 -> 60.7 | U34: ='SPR Batch18'!G188 -> 135.1
A35: =A34+1 -> 8 | B35: RAJANGAN | C35: Temanggung | E35: ='SPR Batch 2'!F176 -> 15.8 | F35: ='SPR Batch 3 '!F143 -> 8 | G35: ='SPR Batch 4 '!F111 -> 8.2 | I35: ='SPR Batch6'!G113 -> 6.7 | J35: ='SPR Batch 7'!G143 -> 17.8 | K35: ='SPR Batch8'!G113 -> 9.6 | L35: ='SPR Batch9'!G75 -> 19.6 | M35: ='SPR Batch10'!G71 -> 16.7 | Q35: ='SPR Batch14'!G31 -> 23.9 | R35: ='SPR Batch15'!G32 -> 25.9 | W35: ='SPR Batch20'!G30 -> 17.6 | Y35: ='SPR Batch22'!G30 -> 30.5
A36: =A35+1 -> 9 | B36: RAJANGAN | C36: Lombok 25 | G36: ='SPR Batch 4 '!F159 -> 5.4 | I36: ='SPR Batch6'!G53 -> 17.9 | J36: ='SPR Batch 7'!G65 -> 26.7 | X36: ='SPR Batch21'!G61 -> 23.2
B37: GRAND TOTAL | D37: =SUM(D28:D36) -> 187.8 | E37: =SUM(E28:E36) -> 55 | F37: =SUM(F28:F36) -> 51.2 | G37: =SUM(G28:G36) -> 44.6 | H37: =SUM(H28:H36) -> 37.7 | I37: =SUM(I28:I36) -> 40 | J37: =SUM(J28:J36) -> 53.7 | K37: =SUM(K28:K36) -> 47.3 | ... AD37: =SUM(AD28:AD36) -> 0
A38: Accountable Waste Historical (Kg) :
A39: NO | B39: PRODUCT | C39: ORIGIN | D39: BATCH 1 | E39: BATCH 2 | F39: BATCH 3 | G39: BATCH 4 | H39: BATCH 5 | I39: BATCH 6 | J39: BATCH 7 | K39: BATCH 8 | L39: BATCH 9 | M39: BATCH 10 | N39: BATCH 11 | O39: BATCH 12 | P39: BATCH 13 | Q39: BATCH 14 | R39: BATCH 15 | S39: BATCH 16 | T39: BATCH 17 | U39: BATCH 18 | V39: BATCH 19 | W39: BATCH 20 | X39: BATCH 21 | Y39: BATCH 22 | Z39: BATCH 23 | AA39: BATCH 24 | AB39: BATCH 25 | AC39: BATCH 26 | AD39: BATCH 27
A40: 1 | B40: RAJANGAN | C40: KASTURI | D40: ='SPR Batch 1'!H117 -> 46 | J40: ='SPR Batch 7'!H89 -> 2.9 | K40: ='SPR Batch8'!H139 -> 2.6
A41: =A40+1 -> 2 | B41: RAJANGAN | C41: REMBANG | D41: ='SPR Batch 1'!H262 -> 81.4 | P41: ='SPR Batch13'!H97 -> 16.6 | S41: ='SPR Batch16'!H54 -> 4.1 | V41: ='SPR Batch19'!H68 -> 7.4
A42: =A41+1 -> 3 | B42: RAJANGAN | C42: Maesan | E42: ='SPR Batch 2'!G33 -> 18.3
A43: =A42+1 -> 4 | B43: RAJANGAN | C43: Paiton | E43: ='SPR Batch 2'!G61 -> 7 | F43: ='SPR Batch 3 '!G79 -> 12.2 | G43: ='SPR Batch 4 '!G82 -> 7.4 | H43: ='SPR Batch 5'!H79 -> 11.2 | I43: ='SPR Batch6'!H95 -> 19.2 | K43: ='SPR Batch8'!H72 -> 0.7 | M43: ='SPR Batch10'!H51 -> 13.3 | O43: ='SPR Batch12'!H103 -> 8.8
A44: =A43+1 -> 5 | B44: RAJANGAN | C44: Ploso | E44: ='SPR Batch 2'!G112 -> 7.5 | F44: ='SPR Batch 3 '!G42 -> 13.9 | N44: ='SPR Batch11'!H103 -> 34.7
A45: =A44+1 -> 6 | B45: RAJANGAN | C45: Lombok 24 | E45: ='SPR Batch 2'!G92 -> 11.4 | F45: ='SPR Batch 3 '!G123 -> 14.9 | G45: ='SPR Batch 4 '!G51 -> 8.8 | H45: ='SPR Batch 5'!H43 -> 11 | K45: ='SPR Batch8'!H47 -> 13.3 | L45: ='SPR Batch9'!H53 -> -122.1 | Z45: ='SPR Batch23'!H79 -> 8.6
A46: =A45+1 -> 7 | B46: RAJANGAN | C46: Madura 25 | E46: ='SPR Batch 2'!G134 -> 13.9 | G46: ='SPR Batch 4 '!G135 -> 9.6 | H46: ='SPR Batch 5'!H110 -> 12 | K46: ='SPR Batch8'!H96 -> 0.5 | L46: ='SPR Batch9'!N104 -> 2.8 | T46: ='SPR Batch17'!H105 -> 3.6 | U46: ='SPR Batch18'!H188 -> 80.1
A47: =A46+1 -> 8 | B47: RAJANGAN | C47: Temanggung | E47: ='SPR Batch 2'!G176 -> 1.9 | F47: ='SPR Batch 3 '!G143 -> 7.3 | G47: ='SPR Batch 4 '!G111 -> 1.2 | I47: ='SPR Batch6'!H113 -> 3.7 | J47: ='SPR Batch 7'!H143 -> 6.3 | K47: ='SPR Batch8'!H113 -> 5.6 | L47: ='SPR Batch9'!H75 -> 13.7 | M47: ='SPR Batch10'!H71 -> 12.2 | Q47: ='SPR Batch14'!H31 -> 15.7 | R47: ='SPR Batch15'!H32 -> 22 | W47: ='SPR Batch20'!H30 -> 20.4 | Y47: ='SPR Batch22'!H30 -> 15.7
A48: =A47+1 -> 9 | B48: RAJANGAN | C48: Lombok 25 | G48: ='SPR Batch 4 '!G159 -> 5.2 | I48: ='SPR Batch6'!H53 -> 13.3 | J48: ='SPR Batch 7'!H65 -> 3.7 | X48: ='SPR Batch21'!H61 -> 6.3
B49: GRAND TOTAL | D49: =SUM(D40:D48) -> 127.4 | E49: =SUM(E40:E48) -> 60 | F49: =SUM(F40:F48) -> 48.3 | G49: =SUM(G40:G48) -> 32.2 | H49: =SUM(H40:H48) -> 34.2 | I49: =SUM(I40:I48) -> 36.2 | J49: =SUM(J40:J48) -> 12.9 | K49: =SUM(K40:K48) -> 22.7 | ... AD49: =SUM(AD40:AD48) -> 0

Sheet AVG
A1: Yield Historical :
A2: NO | B2: PRODUCT | C2: ORIGIN | D2: BATCH 1 | E2: BATCH 2 | F2: BATCH 3 | G2: BATCH 4 | H2: BATCH 5 | I2: BATCH 6 | J2: BATCH 7 | K2: BATCH 8 | L2: BATCH 9 | M2: BATCH 10 | N2: BATCH 11 | O2: BATCH 12 | P2: BATCH 13 | Q2: BATCH 14 | R2: BATCH 15 | S2: BATCH 16 | T2: BATCH 17 | U2: BATCH 18 | V2: BATCH 19 | W2: BATCH 20 | X2: BATCH 21 | Y2: BATCH 22 | Z2: BATCH 23 | AA2: BATCH 24 | AB2: BATCH 25 | AC2: BATCH 26 | AD2: BATCH 27
A3: 1 | B3: RAJANGAN | C3: KASTURI | D3: ='SPR Batch 1'!E118 -> 0.74757378 | J3: ='SPR Batch 7'!E90 -> 0.60772014 | K3: ='SPR Batch8'!E140 -> 0.81324148
A4: =A3+1 -> 2 | B4: RAJANGAN | C4: REMBANG | D4: ='SPR Batch 1'!E263 -> 0.82022662 | P4: ='SPR Batch13'!E98 -> 0.88105516 | S4: ='SPR Batch16'!E55 -> 0.8428015 | V4: ='SPR Batch19'!E69 -> 0.84844112
A5: =A4+1 -> 3 | B5: RAJANGAN | C5: Maesan | E5: ='SPR Batch 2'!D34 -> 0.70325604
A6: =A5+1 -> 4 | B6: RAJANGAN | C6: Paiton | E6: ='SPR Batch 2'!D62 -> 0.63574997 | F6: 0.6662057 | G6: ='SPR Batch 4 '!D83 -> 0.6611125 | H6: ='SPR Batch 5'!E80 -> 0.77002925 | I6: 0.67278471 | K6: ='SPR Batch8'!E73 -> 0.84253308 | M6: ='SPR Batch10'!E52 -> 0.81503367 | O6: ='SPR Batch12'!E104 -> 0.71209112 | AB6: ='SPR Batch25'!E70 -> 0.79695431
A7: =A6+1 -> 5 | B7: RAJANGAN | C7: Ploso | E7: ='SPR Batch 2'!D113 -> 0.67703436 | F7: 0.75967633 | N7: ='SPR Batch11'!E104 -> 0.74990486
A8: =A7+1 -> 6 | B8: RAJANGAN | C8: Lombok 24 | E8: ='SPR Batch 2'!D93 -> 0.68337695 | F8: 0.6498277 | G8: ='SPR Batch 4 '!D52 -> 0.68210198 | H8: ='SPR Batch 5'!E44 -> 0.66968873 | K8: ='SPR Batch8'!E48 -> 0.72177803 | L8: ='SPR Batch9'!E54 -> 0.73546597 | Z8: ='SPR Batch23'!E80 -> 0.81169654 | AB8: ='SPR Batch25'!E113 -> 0.73498965
A9: =A8+1 -> 7 | B9: RAJANGAN | C9: Madura 25 | E9: ='SPR Batch 2'!D135 -> 0.77155368 | G9: ='SPR Batch 4 '!D136 -> 0.83081266 | H9: 0.814258 | K9: ='SPR Batch8'!E97 -> 0.76271837 | L9: ='SPR Batch9'!K123 -> 0.75869062 | T9: ='SPR Batch17'!E106 -> 0.91689042 | U9: ='SPR Batch18'!E189 -> 0.89372191
A10: =A9+1 -> 8 | B10: RAJANGAN | C10: Temanggung | E10: 0.54956897 | F10: 0.54109784 | G10: ='SPR Batch 4 '!D112 -> 0.60032362 | I10: 0.52407468 | J10: ='SPR Batch 7'!E144 -> 0.532875 | K10: ='SPR Batch8'!E114 -> 0.49987748 | L10: ='SPR Batch9'!E76 -> 0.44270282 | M10: ='SPR Batch10'!E72 -> 0.43212393 | Q10: ='SPR Batch14'!E32 -> 0.56664859 | R10: ='SPR Batch15'!E33 -> 0.57582509 | W10: ='SPR Batch20'!E31 -> 0.60939652 | Y10: ='SPR Batch22'!E31 -> 0.58554982
A11: =A10+1 -> 9 | B11: RAJANGAN | C11: Lombok 25 | G11: ='SPR Batch 4 '!D160 -> 0.68278254 | I11: 0.63542787 | J11: ='SPR Batch 7'!E66 -> 0.65451161 | X11: ='SPR Batch21'!E62 -> 0.83335025
A12: =A11+1 -> 10 | B12: RAJANGAN
A13: =A12+1 -> 11 | B13: RAJANGAN
A15: Note :
B16: > 70 %
B17: 65 % - 70 %
B18: < 65 %
A19: Bits Stem Historical :
A20: NO | B20: PRODUCT | C20: ORIGIN | D20: BATCH 1 | E20: BATCH 2 | F20: BATCH 3 | G20: BATCH 4 | H20: BATCH 5 | I20: BATCH 6 | J20: BATCH 7 | K20: BATCH 8 | L20: BATCH 9 | M20: BATCH 10 | N20: BATCH 11 | O20: BATCH 12 | P20: BATCH 13 | Q20: BATCH 14 | R20: BATCH 15 | S20: BATCH 16 | T20: BATCH 17 | U20: BATCH 18 | V20: BATCH 19 | W20: BATCH 20 | X20: BATCH 21 | Y20: BATCH 22 | Z20: BATCH 23 | AA20: BATCH 24 | AB20: BATCH 25 | AC20: BATCH 26 | AD20: BATCH 27
A21: 1 | B21: RAJANGAN | C21: KASTURI | D21: ='SPR Batch 1'!F118 -> 0.22748145 | J21: ='SPR Batch 7'!F90 -> 0.36308806 | K21: ='SPR Batch8'!F140 -> 0.16858018
A22: =A21+1 -> 2 | B22: RAJANGAN | C22: REMBANG | D22: ='SPR Batch 1'!F263 -> 0.14346355 | P22: ='SPR Batch13'!F98 -> 0.087403019 | S22: ='SPR Batch16'!F55 -> 0.12469782 | V22: ='SPR Batch19'!F69 -> 0.11734089
A23: =A22+1 -> 3 | B23: RAJANGAN | C23: Maesan | E23: ='SPR Batch 2'!E34 -> 0.2348298
A24: =A23+1 -> 4 | B24: RAJANGAN | C24: Paiton | E24: ='SPR Batch 2'!E62 -> 0.33981369 | F24: ='SPR Batch 3 '!E80 -> 0.3088159 | G24: ='SPR Batch 4 '!E83 -> 0.31470809 | H24: ='SPR Batch 5'!F80 -> 0.20666226 | I24: ='SPR Batch6'!F96 -> 0.30118851 | K24: ='SPR Batch8'!F73 -> 0.14196597 | M24: ='SPR Batch10'!F52 -> 0.15665796 | O24: ='SPR Batch12'!F104 -> 0.2716366
A25: =A24+1 -> 5 | B25: RAJANGAN | C25: Ploso | E25: ='SPR Batch 2'!E113 -> 0.2835443 | F25: ='SPR Batch 3 '!E43 -> 0.21281187 | N25: ='SPR Batch11'!F104 -> 0.22061536
A26: =A25+1 -> 6 | B26: RAJANGAN | C26: Lombok 24 | E26: ='SPR Batch 2'!E93 -> 0.29114447 | F26: ='SPR Batch 3 '!E124 -> 0.317252 | G26: ='SPR Batch 4 '!E52 -> 0.29942768 | H26: ='SPR Batch 5'!F44 -> 0.3084517 | K26: ='SPR Batch8'!F48 -> 0.25090425 | L26: ='SPR Batch9'!F54 -> 0.3417324 | Z26: ='SPR Batch23'!F80 -> 0.1709216
A27: =A26+1 -> 7 | B27: RAJANGAN | C27: Madura 25 | E27: ='SPR Batch 2'!E135 -> 0.19115205 | G27: ='SPR Batch 4 '!E136 -> 0.13651946 | H27: ='SPR Batch 5'!F111 -> 0.15482541 | K27: ='SPR Batch8'!F97 -> 0.22115569 | L27: ='SPR Batch9'!L123 -> 0.21072924 | T27: ='SPR Batch17'!F106 -> 0.063034655 | U27: ='SPR Batch18'!F189 -> 0.074982185
A28: =A27+1 -> 8 | B28: RAJANGAN | C28: Temanggung | E28: 0.425 | F28: ='SPR Batch 3 '!E144 -> 0.43714448 | G28: ='SPR Batch 4 '!E112 -> 0.37432578 | I28: ='SPR Batch6'!F114 -> 0.44186047 | J28: ='SPR Batch 7'!F144 -> 0.437 | K28: ='SPR Batch8'!F114 -> 0.46287675 | L28: ='SPR Batch9'!F76 -> 0.52202923 | M28: ='SPR Batch10'!F72 -> 0.52860443 | Q28: ='SPR Batch14'!F32 -> 0.40267989 | R28: ='SPR Batch15'!F33 -> 0.39082301 | W28: ='SPR Batch20'!F31 -> 0.35982179 | Y28: ='SPR Batch22'!F31 -> 0.37776896
A29: =A28+1 -> 9 | B29: RAJANGAN | C29: Lombok 25 | G29: ='SPR Batch 4 '!E160 -> 0.29559364 | I29: ='SPR Batch6'!F54 -> 0.34060532 | J29: ='SPR Batch 7'!F66 -> 0.32884363 | X29: ='SPR Batch21'!F62 -> 0.15167969
A30: Note :
B31: <27%
B32: 27 % - 30 %
B33: > 30 %
A34: Dust Historical :
A35: NO | B35: PRODUCT | C35: ORIGIN | D35: BATCH 1 | E35: BATCH 2 | F35: BATCH 3 | G35: BATCH 4 | H35: BATCH 5 | I35: BATCH 6 | J35: BATCH 7 | K35: BATCH 8 | L35: BATCH 9 | M35: BATCH 10 | N35: BATCH 11 | O35: BATCH 12 | P35: BATCH 13 | Q35: BATCH 14 | R35: BATCH 15 | S35: BATCH 16 | T35: BATCH 17 | U35: BATCH 18 | V35: BATCH 19 | W35: BATCH 20 | X35: BATCH 21 | Y35: BATCH 22 | Z35: BATCH 23 | AA35: BATCH 24 | AB35: BATCH 25 | AC35: BATCH 26 | AD35: BATCH 27
A36: 1 | B36: RAJANGAN | C36: KASTURI | D36: ='SPR Batch 1'!G118 -> 0.013527266 | J36: ='SPR Batch 7'!G90 -> 0.022195416 | K36: ='SPR Batch8'!G140 -> 0.013203215
A37: =A36+1 -> 2 | B37: RAJANGAN | C37: REMBANG | D37: ='SPR Batch 1'!G263 -> 0.022543548 | P37: ='SPR Batch13'!G98 -> 0.026858513 | S37: ='SPR Batch16'!G55 -> 0.029747515 | V37: ='SPR Batch19'!G69 -> 0.030404535
A38: =A37+1 -> 3 | B38: RAJANGAN | C38: Maesan | E38: ='SPR Batch 2'!F34 -> 0.016773557
A39: =A38+1 -> 4 | B39: RAJANGAN | C39: Paiton | E39: ='SPR Batch 2'!F62 -> 0.014985824 | F39: ='SPR Batch 3 '!F80 -> 0.014433881 | G39: ='SPR Batch 4 '!F83 -> 0.014908544 | H39: ='SPR Batch 5'!G80 -> 0.012739455 | I39: ='SPR Batch6'!G96 -> 0.011584173 | K39: ='SPR Batch8'!G73 -> 0.014177694 | M39: ='SPR Batch10'!G52 -> 0.019169988 | O39: ='SPR Batch12'!G104 -> 0.01384522
A40: =A39+1 -> 5 | B40: RAJANGAN | C40: Ploso | E40: ='SPR Batch 2'!F113 -> 0.012296564 | F40: ='SPR Batch 3 '!F43 -> 0.0087660148 | N40: ='SPR Batch11'!G104 -> 0.019321409
A41: =A40+1 -> 6 | B41: RAJANGAN | C41: Lombok 24 | E41: ='SPR Batch 2'!F93 -> 0.0097782675 | F41: ='SPR Batch 3 '!F124 -> 0.014663832 | G41: ='SPR Batch 4 '!F52 -> 0.010839403 | H41: ='SPR Batch 5'!G44 -> 0.010778684 | K41: ='SPR Batch8'!G48 -> 0.014658291 | L41: ='SPR Batch9'!G54 -> 0.011977797 | Z41: ='SPR Batch23'!G80 -> 0.013489046
A42: =A41+1 -> 7 | B42: RAJANGAN | C42: Madura 25 | E42: ='SPR Batch 2'!F135 -> 0.01630681 | G42: ='SPR Batch 4 '!F136 -> 0.013309135 | H42: ='SPR Batch 5'!G111 -> 0.016367604 | K42: ='SPR Batch8'!G97 -> 0.015166059 | L42: ='SPR Batch9'!M123 -> 0.024683575 | T42: ='SPR Batch17'!G106 -> 0.018950983 | U42: ='SPR Batch18'!G189 -> 0.019647194
A43: =A42+1 -> 8 | B43: RAJANGAN | C43: Temanggung | E43: 0.022701149 | F43: ='SPR Batch 3 '!F144 -> 0.011376564 | G43: ='SPR Batch 4 '!F112 -> 0.022114347 | I43: ='SPR Batch6'!G114 -> 0.021945627 | J43: ='SPR Batch 7'!G144 -> 0.02225 | K43: ='SPR Batch8'!G114 -> 0.023523646 | L43: ='SPR Batch9'!G76 -> 0.020758314 | M43: ='SPR Batch10'!G72 -> 0.022693301 | Q43: ='SPR Batch14'!G32 -> 0.018511347 | R43: ='SPR Batch15'!G33 -> 0.0180337 | W43: ='SPR Batch20'!G31 -> 0.014256784 | Y43: ='SPR Batch22'!G31 -> 0.024215959
A44: =A43+1 -> 9 | B44: RAJANGAN | C44: Lombok 25 | G44: ='SPR Batch 4 '!F160 -> 0.011015912 | I44: ='SPR Batch6'!G54 -> 0.013750192 | J44: ='SPR Batch 7'!G66 -> 0.014618922 | X44: ='SPR Batch21'!G62 -> 0.011773064
A45: Note :
B46: < 2 %
B47: 2 % - 2,5 %
B48: > 2,5 %
A49: Accountable Waste Historical :
A50: NO | B50: PRODUCT | C50: ORIGIN | D50: BATCH 1 | E50: BATCH 2 | F50: BATCH 3 | G50: BATCH 4 | H50: BATCH 5 | I50: BATCH 6 | J50: BATCH 7 | K50: BATCH 8 | L50: BATCH 9 | M50: BATCH 10 | N50: BATCH 11 | O50: BATCH 12 | P50: BATCH 13 | Q50: BATCH 14 | R50: BATCH 15 | S50: BATCH 16 | T50: BATCH 17 | U50: BATCH 18 | V50: BATCH 19 | W50: BATCH 20 | X50: BATCH 21 | Y50: BATCH 22 | Z50: BATCH 23 | AA50: BATCH 24 | AB50: BATCH 25 | AC50: BATCH 26 | AD50: BATCH 27
A51: 1 | B51: RAJANGAN | C51: KASTURI | D51: ='SPR Batch 1'!H118 -> 0.011417509 | J51: ='SPR Batch 7'!H90 -> 0.0069963812 | K51: ='SPR Batch8'!H140 -> 0.0049751244
A52: =A51+1 -> 2 | B52: RAJANGAN | C52: REMBANG | D52: ='SPR Batch 1'!H263 -> 0.013766278 | P52: ='SPR Batch13'!H98 -> 0.0046833122 | S52: ='SPR Batch16'!H55 -> 0.0027531561 | V52: ='SPR Batch19'!H69 -> 0.0038134501
A53: =A52+1 -> 3 | B53: RAJANGAN | C53: Maesan | E53: ='SPR Batch 2'!G34 -> 0.045140602
A54: =A53+1 -> 4 | B54: RAJANGAN | C54: Paiton | E54: ='SPR Batch 2'!G62 -> 0.0094505198 | F54: ='SPR Batch 3 '!G80 -> 0.010544512 | G54: ='SPR Batch 4 '!G83 -> 0.0092708594 | H54: ='SPR Batch 5'!H80 -> 0.010569029 | I54: ='SPR Batch6'!H96 -> 0.014442606 | K54: ='SPR Batch8'!H73 -> 0.0013232514 | M54: ='SPR Batch10'!H52 -> 0.0091383812 | O54: ='SPR Batch12'!H104 -> 0.0024270506
A55: =A54+1 -> 5 | B55: RAJANGAN | C55: Ploso | E55: ='SPR Batch 2'!G113 -> 0.027124774 | F55: ='SPR Batch 3 '!G43 -> 0.018745786 | N55: ='SPR Batch11'!H104 -> 0.010158377
A56: =A55+1 -> 6 | B56: RAJANGAN | C56: Lombok 24 | E56: ='SPR Batch 2'!G93 -> 0.015700317 | F56: ='SPR Batch 3 '!G124 -> 0.010924555 | G56: ='SPR Batch 4 '!G52 -> 0.00763094 | H56: ='SPR Batch 5'!H44 -> 0.011080891 | K56: ='SPR Batch8'!H48 -> 0.012659433 | L56: ='SPR Batch9'!H54 -> -0.089176161 | Z56: ='SPR Batch23'!H80 -> 0.0038928119
A57: =A56+1 -> 7 | B57: RAJANGAN | C57: Madura 25 | E57: ='SPR Batch 2'!G135 -> 0.020987468 | G57: ='SPR Batch 4 '!G136 -> 0.019358742 | H57: ='SPR Batch 5'!H111 -> 0.014548982 | K57: ='SPR Batch8'!H97 -> 0.00095987714 | L57: ='SPR Batch9'!N123 -> 0.0058965572 | T57: ='SPR Batch17'!H106 -> 0.0011239463 | U57: ='SPR Batch18'!H189 -> 0.011648706
A58: =A57+1 -> 8 | B58: RAJANGAN | C58: Temanggung | E58: 0.0027298851 | F58: ='SPR Batch 3 '!G144 -> 0.010381115 | G58: ='SPR Batch 4 '!G112 -> 0.003236246 | I58: ='SPR Batch6'!H114 -> 0.012119227 | J58: ='SPR Batch 7'!H144 -> 0.007875 | K58: ='SPR Batch8'!H114 -> 0.013722127 | L58: ='SPR Batch9'!H76 -> 0.014509638 | M58: ='SPR Batch10'!H72 -> 0.016578339 | Q58: ='SPR Batch14'!H32 -> 0.012160173 | R58: ='SPR Batch15'!H33 -> 0.015318201 | W58: ='SPR Batch20'!H31 -> 0.016524909 | Y58: ='SPR Batch22'!H31 -> 0.012465264
A59: =A58+1 -> 9 | B59: RAJANGAN | C59: Lombok 25 | G59: ='SPR Batch 4 '!G160 -> 0.010607915 | I59: ='SPR Batch6'!H54 -> 0.010216623 | J59: ='SPR Batch 7'!H66 -> 0.0020258432 | X59: ='SPR Batch21'!H62 -> 0.0031969958
A60: Note :
B61: < 1,5 %
B62: 1,5 % - 2,0 %
B63: > 2,0 %

Sheet SPR Batch 1
A1: PROCESS CERTIFICATE
A3: DELIVERY NOTE :
A4: Customer | B4: : Bpk. Bimo (PT. Falih Nur Gemilang) | H4: Issued Date : | I4: 46190
A6: Product Type | B6: Origin | C6: Total Pack (Unit) | D6: Pack Type | E6: Gross (Kg) | F6: Tare (Kg) | G6: Netto ( Kg) | H6: Date of Receipt | I6: Delivery Note Number
A7: RAJANGAN | B7: KASTURI | C7: 96 | D7: Ball Goni | E7: 4156.4 | F7: 127.5 | G7: =E7-F7 -> 4028.9 | H7: 46177 | I7: - | K7: 4156.4 | L7: 96 | M7: 60 | N7: 36
A8: RAJANGAN | B8: REMBANG | C8: 127 | D8: Ball Goni | E8: 6066.4 | F8: 153.4 | G8: =E8-F8 -> 5913 | H8: 46177 | I8: - | K8: 5752.6 | L8: 127 | M8: 131
A10: Remark :
A11: 1. Gross Qty. Based on Delivery Note.
A12: 2. Tare Qty. Based on actual weighing during the process.
A14: SEPARATION RESULTS REPORT :
A15: 1. Material Desc. | B15: : KASTURI
A16: Product Type | B16: Origin | C16: Pack Type | E16: No | F16: Gross (Kg) | G16: Tare (Kg) | H16: Netto ( Kg) | I16: Remark
A17: RAJANGAN | B17: KASTURI | C17: Ball Goni | E17: 1 | F17: 38.1 | G17: 1.1 | H17: =F17-G17 -> 37 | I17: -
A18: RAJANGAN | B18: KASTURI | C18: Ball Goni | E18: =E17+1 -> 2 | F18: 44.7 | G18: 1.1 | H18: =F18-G18 -> 43.6 | I18: -
A19: RAJANGAN | B19: KASTURI | C19: Ball Goni | E19: =E18+1 -> 3 | F19: 37.5 | G19: 1.1 | H19: =F19-G19 -> 36.4 | I19: -
A20: RAJANGAN | B20: KASTURI | C20: Ball Goni | E20: =E19+1 -> 4 | F20: 43.2 | G20: 1.6 | H20: =F20-G20 -> 41.6 | I20: -
A21: RAJANGAN | B21: KASTURI | C21: Ball Goni | E21: =E20+1 -> 5 | F21: 40.7 | G21: 1.2 | H21: =F21-G21 -> 39.5 | I21: -
A22: RAJANGAN | B22: KASTURI | C22: Ball Goni | E22: =E21+1 -> 6 | F22: 44.2 | G22: 1.4 | H22: =F22-G22 -> 42.8 | I22: -
A23: RAJANGAN | B23: KASTURI | C23: Ball Goni | E23: =E22+1 -> 7 | F23: 40.4 | G23: 1.6 | H23: =F23-G23 -> 38.8 | I23: -
A24: RAJANGAN | B24: KASTURI | C24: Ball Goni | E24: =E23+1 -> 8 | F24: 38.3 | G24: 1.9 | H24: =F24-G24 -> 36.4 | I24: -
A25: RAJANGAN | B25: KASTURI | C25: Ball Goni | E25: =E24+1 -> 9 | F25: 43.6 | G25: 1.1 | H25: =F25-G25 -> 42.5 | I25: -
A26: RAJANGAN | B26: KASTURI | C26: Ball Goni | E26: =E25+1 -> 10 | F26: 42.5 | G26: 2.1 | H26: =F26-G26 -> 40.4 | I26: -
A27: RAJANGAN | B27: KASTURI | C27: Ball Goni | E27: =E26+1 -> 11 | F27: 44.5 | G27: 0.8 | H27: =F27-G27 -> 43.7 | I27: -
A28: RAJANGAN | B28: KASTURI | C28: Ball Goni | E28: =E27+1 -> 12 | F28: 42.5 | G28: 1.1 | H28: =F28-G28 -> 41.4 | I28: -
A29: RAJANGAN | B29: KASTURI | C29: Ball Goni | E29: =E28+1 -> 13 | F29: 39.9 | G29: 1.3 | H29: =F29-G29 -> 38.6 | I29: -
... A112: RAJANGAN | B112: KASTURI | C112: Ball Goni | E112: =E111+1 -> 96 | F112: 46 | G112: 1.1 | H112: =F112-G112 -> 44.9 | I112: -
A113: GRAND TOTAL | E113: =E112 -> 96 | F113: =SUM(F17:F112) -> 4156.4 | G113: =SUM(G17:G112) -> 127.5 | H113: =SUM(H17:H112) -> 4028.9
A115: Separation Result :
A116: Product Type | B116: Origin | C116: Total Pack | D116: Pack Type | E116: Product Qty (Kg) | F116: Bits Stem Qty (Kg) | G116: Dust Qty (Kg) | H116: Uncountable Waste Qty (Kg) | I116: TOTAL Qty (Kg)
A117: RAJANGAN | B117: KASTURI | C117: =E113 -> 96 | D117: Ball Goni | E117: 3011.9 | F117: 916.5 | G117: 54.5 | H117: =H113-(E117+F117+G117) -> 46 | I117: =SUM(E117:H117) -> 4028.9
A118: PERCENTAGE (YIELD) | E118: =E117/$H$113 -> 0.74757378 | F118: =F117/$H$113 -> 0.22748145 | G118: =G117/$H$113 -> 0.013527266 | H118: =H117/$H$113 -> 0.011417509 | I118: =SUM(E118:H118) -> 1
A119: Remark :
A120: 1. Gross qty. based on actual weighing during the process.
A121: 2. Tare qty. based on actual weighing during the process.
A122: 3. Uncountable waste qty. based on teoritical calculation.
A123: 4. Percentage Yield based on total Nett. qty actual weighing.
A125: 2. Material Desc. | B125: : Rajangan Rembang
A126: Product Type | B126: Origin | C126: Pack Type | E126: No | F126: Gross (Kg) | G126: Tare (Kg) | H126: Netto ( Kg) | I126: Remark
A127: RAJANGAN | B127: REMBANG | C127: Ball Goni | E127: 1 | F127: 43.7 | G127: 1.7 | H127: =F127-G127 -> 42 | I127: -
A128: RAJANGAN | B128: REMBANG | C128: Ball Goni | E128: =E127+1 -> 2 | F128: 50.5 | G128: 1.7 | H128: =F128-G128 -> 48.8 | I128: -
A129: RAJANGAN | B129: REMBANG | C129: Ball Goni | E129: =E128+1 -> 3 | F129: 41.7 | G129: 1.2 | H129: =F129-G129 -> 40.5 | I129: -
A130: RAJANGAN | B130: REMBANG | C130: Ball Goni | E130: =E129+1 -> 4 | F130: 69 | G130: 1 | H130: =F130-G130 -> 68 | I130: -
A131: RAJANGAN | B131: REMBANG | C131: Ball Goni | E131: =E130+1 -> 5 | F131: 49.1 | G131: 1.1 | H131: =F131-G131 -> 48 | I131: -
A132: RAJANGAN | B132: REMBANG | C132: Ball Goni | E132: =E131+1 -> 6 | F132: 49.3 | G132: 1.8 | H132: =F132-G132 -> 47.5 | I132: -
A133: RAJANGAN | B133: REMBANG | C133: Ball Goni | E133: =E132+1 -> 7 | F133: 53.8 | G133: 0.9 | H133: =F133-G133 -> 52.9 | I133: -
A134: RAJANGAN | B134: REMBANG | C134: Ball Goni | E134: =E133+1 -> 8 | F134: 53.2 | G134: 1.4 | H134: =F134-G134 -> 51.8 | I134: -
A135: RAJANGAN | B135: REMBANG | C135: Ball Goni | E135: =E134+1 -> 9 | F135: 52.4 | G135: 1.8 | H135: =F135-G135 -> 50.6 | I135: -
A136: RAJANGAN | B136: REMBANG | C136: Ball Goni | E136: =E135+1 -> 10 | F136: 39.4 | G136: 1.1 | H136: =F136-G136 -> 38.3 | I136: -
A137: RAJANGAN | B137: REMBANG | C137: Ball Goni | E137: =E136+1 -> 11 | F137: 61.6 | G137: 1.8 | H137: =F137-G137 -> 59.8 | I137: -
A138: RAJANGAN | B138: REMBANG | C138: Ball Goni | E138: =E137+1 -> 12 | F138: 51.5 | G138: 1.1 | H138: =F138-G138 -> 50.4 | I138: -
A139: RAJANGAN | B139: REMBANG | C139: Ball Goni | E139: =E138+1 -> 13 | F139: 34.1 | G139: 1.9 | H139: =F139-G139 -> 32.2 | I139: -
... A257: RAJANGAN | B257: REMBANG | C257: Ball Goni | E257: =E256+1 -> 131 | F257: 15.2 | G257: 0.2 | H257: =F257-G257 -> 15 | I257: Remnant
A258: GRAND TOTAL | E258: =E257 -> 131 | F258: =SUM(F127:F257) -> 6066.4 | G258: =SUM(G127:G257) -> 153.4 | H258: =SUM(H127:H257) -> 5913
A260: Separation Result :
A261: Product Type | B261: Origin | C261: Total Pack | D261: Pack Type | E261: Product Qty (Kg) | F261: Bits Stem Qty (Kg) | G261: Dust Qty (Kg) | H261: Uncountable Waste Qty (Kg) | I261: TOTAL Qty (Kg)
A262: RAJANGAN | B262: =B257 -> REMBANG | C262: =E258 -> 131 | D262: Ball Goni | E262: 4850 | F262: 848.3 | G262: 133.3 | H262: =H258-(E262+F262+G262) -> 81.4 | I262: =SUM(E262:H262) -> 5913
A263: PERCENTAGE (YIELD) | E263: =E262/$H$258 -> 0.82022662 | F263: =F262/$H$258 -> 0.14346355 | G263: =G262/$H$258 -> 0.022543548 | H263: =H262/$H$258 -> 0.013766278 | I263: =SUM(E263:H263) -> 1

Sheet SPR Batch 2
A1: PROCESS CERTIFICATE
A3: DELIVERY NOTE :
A4: Customer | B4: : Bpk. Bimo (PT. Falih Nur Gemilang) | G4: Issued Date : | H4: 46183
A6: Product Type | B6: Origin | C6: Pack Type | D6: Gross (Kg) | E6: Tare (Kg) | F6: Netto ( Kg) | G6: Date of Receipt | H6: Delivery Note Number
A7: RAJANGAN | B7: Maesan | C7: Ball Goni | D7: 410.9 | E7: 9.3 | F7: =D7-E7 -> 401.6 | G7: 46179 | H7: -
A8: RAJANGAN | B8: Paiton | C8: Ball Goni | D8: 753.2 | E8: 23.7 | F8: =D8-E8 -> 729.5 | G8: 46179 | H8: -
A9: RAJANGAN | B9: Ploso | C9: Ball Goni | D9: 281.5 | E9: 7.7 | F9: =D9-E9 -> 273.8 | G9: 46179 | H9: -
A10: RAJANGAN | B10: Lombok 24 | C10: Ball Goni | D10: 755.6 | E10: 27.7 | F10: =D10-E10 -> 727.9 | G10: 46179 | H10: -
A11: RAJANGAN | B11: Madura | C11: C48 | D11: 784.4 | E11: 122.4 | F11: =D11-E11 -> 662 | G11: 46179 | H11: -
A12: RAJANGAN | B12: Temanggung | C12: Sak | D12: 695.8 | E12: 5.6 | F12: =D12-E12 -> 690.2 | G12: 46179 | H12: -
A14: Remark :
A15: 1. Gross qty. Based on Surat Jalan.
A16: 2. Tare qty. Based on actual weighing during the process.
A18: SEPARATION RESULTS REPORT :
A19: 1. Material Desc. | B19: : Rajangan Maesan
A20: Product Type | B20: Origin | C20: Pack Type | D20: No | E20: Gross (Kg) | F20: Tare (Kg) | G20: Netto ( Kg) | H20: Remark
A21: RAJANGAN | B21: MAESAN | C21: Ball Goni | D21: 1 | E21: 44.4 | F21: 1.1 | G21: =E21-F21 -> 43.3 | H21: -
A22: RAJANGAN | B22: MAESAN | C22: Ball Goni | D22: =D21+1 -> 2 | E22: 45.7 | F22: 1.1 | G22: =E22-F22 -> 44.6 | H22: -
A23: RAJANGAN | B23: MAESAN | C23: Ball Goni | D23: =D22+1 -> 3 | E23: 50.5 | F23: 1.1 | G23: =E23-F23 -> 49.4 | H23: -
A24: RAJANGAN | B24: MAESAN | C24: Ball Goni | D24: =D23+1 -> 4 | E24: 62.7 | F24: 1.2 | G24: =E24-F24 -> 61.5 | H24: -
A25: RAJANGAN | B25: MAESAN | C25: Ball Goni | D25: =D24+1 -> 5 | E25: 48.1 | F25: 1.3 | G25: =E25-F25 -> 46.8 | H25: -
A26: RAJANGAN | B26: MAESAN | C26: Ball Goni | D26: =D25+1 -> 6 | E26: 51.3 | F26: 1.2 | G26: =E26-F26 -> 50.1 | H26: -
A27: RAJANGAN | B27: MAESAN | C27: Ball Goni | D27: =D26+1 -> 7 | E27: 56.4 | F27: 1.2 | G27: =E27-F27 -> 55.2 | H27: -
A28: RAJANGAN | B28: MAESAN | C28: Ball Goni | D28: =D27+1 -> 8 | E28: 55.6 | F28: 1.1 | G28: =E28-F28 -> 54.5 | H28: -
A29: GRAND TOTAL | D29: 8 | E29: =SUM(E21:E28) -> 414.7 | F29: =SUM(F21:F28) -> 9.3 | G29: =SUM(G21:G28) -> 405.4
A31: Separation Result :
A32: Product Type | B32: Origin | C32: Pack Type | D32: Product Qty (Kg) | E32: Bits Stem Qty (Kg) | F32: Dust Qty (Kg) | G32: Uncountable Waste Qty (Kg) | H32: TOTAL Qty (Kg)
A33: RAJANGAN | B33: MAESAN | C33: Ball Goni | D33: 285.1 | E33: 95.2 | F33: 6.8 | G33: =G29-(D33+E33+F33) -> 18.3 | H33: =SUM(D33:G33) -> 405.4
A34: PERCENTAGE (YIELD) | D34: =D33/$G$29 -> 0.70325604 | E34: =E33/$G$29 -> 0.2348298 | F34: =F33/$G$29 -> 0.016773557 | G34: =G33/$G$29 -> 0.045140602 | H34: =SUM(D34:G34) -> 1
A35: Remark :
A36: 1. Gross qty. based on actual weighing during the process.
A37: 2. Tare qty. based on actual weighing during the process.
A38: 3. Uncountable waste qty. based on teoritical calculation.
A39: 4. Percentage Yield based on total Nett. qty actual weighing.
A41: 2. Material Desc. | B41: : Rajangan Paiton
A42: Product Type | B42: Origin | C42: Pack Type | D42: No | E42: Gross (Kg) | F42: Tare (Kg) | G42: Netto ( Kg) | H42: Remark
A43: RAJANGAN | B43: PAITON | C43: Ball Goni | D43: 1 | E43: 49.6 | F43: 1.6 | G43: =E43-F43 -> 48 | H43: -
A44: RAJANGAN | B44: PAITON | C44: Ball Goni | D44: =D43+1 -> 2 | E44: 56 | F44: 1.7 | G44: =E44-F44 -> 54.3 | H44: -
A45: RAJANGAN | B45: PAITON | C45: Ball Goni | D45: =D44+1 -> 3 | E45: 59.3 | F45: 1.6 | G45: =E45-F45 -> 57.7 | H45: -
A46: RAJANGAN | B46: PAITON | C46: Ball Goni | D46: =D45+1 -> 4 | E46: 49.9 | F46: 1.9 | G46: =E46-F46 -> 48 | H46: -
A47: RAJANGAN | B47: PAITON | C47: Ball Goni | D47: =D46+1 -> 5 | E47: 53 | F47: 1.6 | G47: =E47-F47 -> 51.4 | H47: -
A48: RAJANGAN | B48: PAITON | C48: Ball Goni | D48: =D47+1 -> 6 | E48: 56.6 | F48: 1.6 | G48: =E48-F48 -> 55 | H48: -
A49: RAJANGAN | B49: PAITON | C49: Ball Goni | D49: =D48+1 -> 7 | E49: 58.8 | F49: 1.8 | G49: =E49-F49 -> 57 | H49: -
A50: RAJANGAN | B50: PAITON | C50: Ball Goni | D50: =D49+1 -> 8 | E50: 56.7 | F50: 1.7 | G50: =E50-F50 -> 55 | H50: -
A51: RAJANGAN | B51: PAITON | C51: Ball Goni | D51: =D50+1 -> 9 | E51: 58.4 | F51: 1.8 | G51: =E51-F51 -> 56.6 | H51: -
A52: RAJANGAN | B52: PAITON | C52: Ball Goni | D52: =D51+1 -> 10 | E52: 57.7 | F52: 1.6 | G52: =E52-F52 -> 56.1 | H52: -
A53: RAJANGAN | B53: PAITON | C53: Ball Goni | D53: =D52+1 -> 11 | E53: 53.5 | F53: 1.8 | G53: =E53-F53 -> 51.7 | H53: -
A54: RAJANGAN | B54: PAITON | C54: Ball Goni | D54: =D53+1 -> 12 | E54: 54.6 | F54: 1.7 | G54: =E54-F54 -> 52.9 | H54: -
A55: RAJANGAN | B55: PAITON | C55: Ball Goni | D55: =D54+1 -> 13 | E55: 48.5 | F55: 1.6 | G55: =E55-F55 -> 46.9 | H55: -
A56: RAJANGAN | B56: PAITON | C56: Ball Goni | D56: =D55+1 -> 14 | E56: 51.8 | F56: 1.7 | G56: =E56-F56 -> 50.1 | H56: -
A57: GRAND TOTAL | D57: =D56 -> 14 | E57: =SUM(E43:E56) -> 764.4 | F57: =SUM(F43:F56) -> 23.7 | G57: =SUM(G43:G56) -> 740.7
A59: Separation Result :
A60: Product Type | B60: Origin | C60: Pack Type | D60: Product Qty (Kg) | E60: Bits Stem Qty (Kg) | F60: Dust Qty (Kg) | G60: Uncountable Waste Qty (Kg) | H60: TOTAL Qty (Kg)
A61: RAJANGAN | B61: PAITON | C61: Ball Goni | D61: =450+20.9 -> 470.9 | E61: 251.7 | F61: 11.1 | G61: =G57-(D61+E61+F61) -> 7 | H61: =SUM(D61:G61) -> 740.7
A62: PERCENTAGE (YIELD) | D62: =D61/$G$57 -> 0.63574997 | E62: =E61/$G$57 -> 0.33981369 | F62: =F61/$G$57 -> 0.014985824 | G62: =G61/$G$57 -> 0.0094505198 | H62: =SUM(D62:G62) -> 1
A63: Remark :
A64: 1. Gross qty. based on actual weighing during the process.
A65: 2. Tare qty. based on actual weighing during the process.
A66: 3. Uncountable waste qty. based on teoritical calculation.
A67: 4. Percentage Yield based on total Nett. qty actual weighing.
A69: 3. Material Desc. | B69: : Rajangan Lombok '24
A70: Product Type | B70: Origin | C70: Pack Type | D70: No | E70: Gross (Kg) | F70: Tare (Kg) | G70: Netto ( Kg) | H70: Remark
A71: RAJANGAN | B71: LOMBOK '24 | C71: Ball Goni | D71: 1 | E71: 48.4 | F71: 1.7 | G71: =E71-F71 -> 46.7 | H71: -
A72: RAJANGAN | B72: LOMBOK '24 | C72: Ball Goni | D72: =D71+1 -> 2 | E72: 39.8 | F72: 1.5 | G72: =E72-F72 -> 38.3 | H72: -
A73: RAJANGAN | B73: LOMBOK '24 | C73: Ball Goni | D73: =D72+1 -> 3 | E73: 52.7 | F73: 1.7 | G73: =E73-F73 -> 51 | H73: -
A74: RAJANGAN | B74: LOMBOK '24 | C74: Ball Goni | D74: =D73+1 -> 4 | E74: 51 | F74: 1.7 | G74: =E74-F74 -> 49.3 | H74: -
A75: RAJANGAN | B75: LOMBOK '24 | C75: Ball Goni | D75: =D74+1 -> 5 | E75: 43 | F75: 1.7 | G75: =E75-F75 -> 41.3 | H75: -
A76: RAJANGAN | B76: LOMBOK '24 | C76: Ball Goni | D76: =D75+1 -> 6 | E76: 44 | F76: 1.5 | G76: =E76-F76 -> 42.5 | H76: -
A77: RAJANGAN | B77: LOMBOK '24 | C77: Ball Goni | D77: =D76+1 -> 7 | E77: 46.7 | F77: 2.1 | G77: =E77-F77 -> 44.6 | H77: -
A78: RAJANGAN | B78: LOMBOK '24 | C78: Ball Goni | D78: =D77+1 -> 8 | E78: 50.2 | F78: 1.6 | G78: =E78-F78 -> 48.6 | H78: -
A79: RAJANGAN | B79: LOMBOK '24 | C79: Ball Goni | D79: =D78+1 -> 9 | E79: 44.1 | F79: 1.9 | G79: =E79-F79 -> 42.2 | H79: -
A80: RAJANGAN | B80: LOMBOK '24 | C80: Ball Goni | D80: =D79+1 -> 10 | E80: 46.5 | F80: 1.9 | G80: =E80-F80 -> 44.6 | H80: -
A81: RAJANGAN | B81: LOMBOK '24 | C81: Ball Goni | D81: =D80+1 -> 11 | E81: 41.4 | F81: 1.6 | G81: =E81-F81 -> 39.8 | H81: -
A82: RAJANGAN | B82: LOMBOK '24 | C82: Ball Goni | D82: =D81+1 -> 12 | E82: 48.3 | F82: 1.9 | G82: =E82-F82 -> 46.4 | H82: -
A83: RAJANGAN | B83: LOMBOK '24 | C83: Ball Goni | D83: =D82+1 -> 13 | E83: 47.1 | F83: 1.8 | G83: =E83-F83 -> 45.3 | H83: -
... A87: RAJANGAN | B87: LOMBOK '24 | C87: Ball Goni | D87: =D86+1 -> 17 | E87: 3.1 | F87: 0.2 | G87: =E87-F87 -> 2.9 | H87: Remnant
A88: GRAND TOTAL | D88: =D87 -> 17 | E88: =SUM(E71:E87) -> 753.8 | F88: =SUM(F71:F87) -> 27.7 | G88: =SUM(G71:G87) -> 726.1
A90: Separation Result :
A91: Product Type | B91: Origin | C91: Pack Type | D91: Product Qty (Kg) | E91: Bits Stem Qty (Kg) | F91: Dust Qty (Kg) | G91: Uncountable Waste Qty (Kg) | H91: TOTAL Qty (Kg)
A92: RAJANGAN | B92: LOMBOK '24 | C92: Ball Goni | D92: 496.2 | E92: 211.4 | F92: 7.1 | G92: =G88-(D92+E92+F92) -> 11.4 | H92: =SUM(D92:G92) -> 726.1
A93: PERCENTAGE (YIELD) | D93: =D92/$G$88 -> 0.68337695 | E93: =E92/$G$88 -> 0.29114447 | F93: =F92/$G$88 -> 0.0097782675 | G93: =G92/$G$88 -> 0.015700317 | H93: =SUM(D93:G93) -> 1
A94: Remark :
A95: 1. Gross qty. based on actual weighing during the process.
A96: 2. Tare qty. based on actual weighing during the process.
A97: 3. Uncountable waste qty. based on teoritical calculation.
A98: 4. Percentage Yield based on total Nett. qty actual weighing.
A100: 4. Material Desc. | B100: : Rajangan Ploso
A101: Product Type | B101: Origin | C101: Pack Type | D101: No | E101: Gross (Kg) | F101: Tare (Kg) | G101: Netto ( Kg) | H101: Remark
A102: RAJANGAN | B102: PLOSO | C102: Ball Goni | D102: 1 | E102: 44.6 | F102: 1.5 | G102: =E102-F102 -> 43.1 | H102: -
A103: RAJANGAN | B103: PLOSO | C103: Ball Goni | D103: =D102+1 -> 2 | E103: 47.9 | F103: 1.5 | G103: =E103-F103 -> 46.4 | H103: -
A104: RAJANGAN | B104: PLOSO | C104: Ball Goni | D104: =D103+1 -> 3 | E104: 48.5 | F104: 1 | G104: =E104-F104 -> 47.5 | H104: -
A105: RAJANGAN | B105: PLOSO | C105: Ball Goni | D105: =D104+1 -> 4 | E105: 49.7 | F105: 1.2 | G105: =E105-F105 -> 48.5 | H105: -
A106: RAJANGAN | B106: PLOSO | C106: Ball Goni | D106: =D105+1 -> 5 | E106: 44.2 | F106: 1.4 | G106: =E106-F106 -> 42.8 | H106: -
A107: RAJANGAN | B107: PLOSO | C107: Ball Goni | D107: =D106+1 -> 6 | E107: 49.3 | F107: 1.1 | G107: =E107-F107 -> 48.2 | H107: -
A108: GRAND TOTAL | D108: =D107 -> 6 | E108: =SUM(E102:E107) -> 284.2 | F108: =SUM(F102:F107) -> 7.7 | G108: =SUM(G102:G107) -> 276.5
A110: Separation Result :
A111: Product Type | B111: Origin | C111: Pack Type | D111: Product Qty (Kg) | E111: Bits Stem Qty (Kg) | F111: Dust Qty (Kg) | G111: Uncountable Waste Qty (Kg) | H111: TOTAL Qty (Kg)
A112: RAJANGAN | B112: PLOSO | C112: Ball Goni | D112: 187.2 | E112: 78.4 | F112: 3.4 | G112: =G108-(D112+E112+F112) -> 7.5 | H112: =SUM(D112:G112) -> 276.5
A113: PERCENTAGE (YIELD) | D113: =D112/$G$108 -> 0.67703436 | E113: =E112/$G$108 -> 0.2835443 | F113: =F112/$G$108 -> 0.012296564 | G113: =G112/$G$108 -> 0.027124774 | H113: =SUM(D113:G113) -> 1
A114: Remark :
...

Sheet SPR Batch 3 
A1: PROCESS CERTIFICATE
A3: DELIVERY NOTE :
A4: Customer | B4: : Bpk. Bimo (PT. Falih Nur Gemilang) | G4: Issued Date : | H4: 46186
A6: Product Type | B6: Origin | C6: Pack Type | D6: Gross (Kg) | E6: Tare (Kg) | F6: Netto ( Kg) | G6: Date of Receipt | H6: Delivery Note Number
A7: RAJANGAN | B7: Ploso | C7: Ball Goni | D7: 760.2 | E7: 23.9 | F7: =D7-E7 -> 736.3 | G7: 46181 | H7: -
A8: RAJANGAN | B8: Paiton | C8: Ball Goni | D8: 1116.9 | E8: 39.3 | F8: =D8-E8 -> 1077.6 | G8: 46181 | H8: -
A9: RAJANGAN | B9: Temanggung | C9: C-48 | D9: 796.4 | E9: 93 | F9: =D9-E9 -> 703.4 | G9: 46181 | H9: -
A10: RAJANGAN | B10: Lombok | C10: Ball Goni | D10: 1231.3 | E10: 48.7 | F10: =D10-E10 -> 1182.6 | G10: 46181 | H10: -
A11: RAJANGAN | B11: Madura | C11: C48 | D11: 784.4 | E11: 122.4 | F11: =D11-E11 -> 662 | G11: 46179 | H11: -
A12: RAJANGAN | B12: Temanggung | C12: Sak | D12: 695.8 | E12: 5.6 | F12: =D12-E12 -> 690.2 | G12: 46179 | H12: -
A14: Remark :
A15: 1. Gross qty. Based on Surat Jalan.
A16: 2. Tare qty. Based on actual weighing during the process.
A18: SEPARATION RESULTS REPORT :
A19: 1. Material Desc. | B19: : Rajangan Ploso
A20: Product Type | B20: Origin | C20: Pack Type | D20: No | E20: Gross (Kg) | F20: Tare (Kg) | G20: Netto ( Kg) | H20: Remark
A21: RAJANGAN | B21: PLOSO | C21: Ball Goni | D21: 1 | E21: 46.1 | F21: 1.3 | G21: =E21-F21 -> 44.8 | H21: -
A22: RAJANGAN | B22: PLOSO | C22: Ball Goni | D22: =D21+1 -> 2 | E22: 43.8 | F22: 1.2 | G22: =E22-F22 -> 42.6 | H22: -
A23: RAJANGAN | B23: PLOSO | C23: Ball Goni | D23: =D22+1 -> 3 | E23: 49.5 | F23: 1.3 | G23: =E23-F23 -> 48.2 | H23: -
A24: RAJANGAN | B24: PLOSO | C24: Ball Goni | D24: =D23+1 -> 4 | E24: 46 | F24: 1.2 | G24: =E24-F24 -> 44.8 | H24: -
A25: RAJANGAN | B25: PLOSO | C25: Ball Goni | D25: =D24+1 -> 5 | E25: 47.7 | F25: 1.5 | G25: =E25-F25 -> 46.2 | H25: -
A26: RAJANGAN | B26: PLOSO | C26: Ball Goni | D26: =D25+1 -> 6 | E26: 42.5 | F26: 1.5 | G26: =E26-F26 -> 41 | H26: -
A27: RAJANGAN | B27: PLOSO | C27: Ball Goni | D27: =D26+1 -> 7 | E27: 44.3 | F27: 1.6 | G27: =E27-F27 -> 42.7 | H27: -
A28: RAJANGAN | B28: PLOSO | C28: Ball Goni | D28: =D27+1 -> 8 | E28: 39.8 | F28: 1.4 | G28: =E28-F28 -> 38.4 | H28: -
A29: RAJANGAN | B29: PLOSO | C29: Ball Goni | D29: =D28+1 -> 9 | E29: 45.8 | F29: 1.5 | G29: =E29-F29 -> 44.3 | H29: -
A30: RAJANGAN | B30: PLOSO | C30: Ball Goni | D30: =D29+1 -> 10 | E30: 46 | F30: 1.9 | G30: =E30-F30 -> 44.1 | H30: -
A31: RAJANGAN | B31: PLOSO | C31: Ball Goni | D31: =D30+1 -> 11 | E31: 44.4 | F31: 1.7 | G31: =E31-F31 -> 42.7 | H31: -
A32: RAJANGAN | B32: PLOSO | C32: Ball Goni | D32: =D31+1 -> 12 | E32: 43.5 | F32: 1.5 | G32: =E32-F32 -> 42 | H32: -
A33: RAJANGAN | B33: PLOSO | C33: Ball Goni | D33: =D32+1 -> 13 | E33: 48.7 | F33: 1.3 | G33: =E33-F33 -> 47.4 | H33: -
... A37: RAJANGAN | B37: PLOSO | C37: Ball Goni | D37: =D36+1 -> 17 | E37: 45.3 | F37: 1.2 | G37: =E37-F37 -> 44.1 | H37: -
A38: GRAND TOTAL | D38: =D37 -> 17 | E38: =SUM(E21:E37) -> 765.4 | F38: =SUM(F21:F37) -> 23.9 | G38: =SUM(G21:G37) -> 741.5
A40: Separation Result :
A41: Product Type | B41: Origin | C41: Pack Type | D41: Product Qty (Kg) | E41: Bits Stem Qty (Kg) | F41: Dust Qty (Kg) | G41: Uncountable Waste Qty (Kg) | H41: TOTAL Qty (Kg)
A42: RAJANGAN | B42: PLOSO | C42: Ball Goni | D42: 563.3 | E42: 157.8 | F42: 6.5 | G42: =G38-(D42+E42+F42) -> 13.9 | H42: =SUM(D42:G42) -> 741.5
A43: PERCENTAGE (YIELD) | D43: =D42/$G$38 -> 0.75967633 | E43: =E42/$G$38 -> 0.21281187 | F43: =F42/$G$38 -> 0.0087660148 | G43: =G42/$G$38 -> 0.018745786 | H43: =SUM(D43:G43) -> 1
A44: Remark :
A45: 1. Gross qty. based on actual weighing during the process.
A46: 2. Tare qty. based on actual weighing during the process.
A47: 3. Uncountable waste qty. based on teoritical calculation.
A48: 4. Percentage Yield based on total Nett. qty actual weighing.
A50: 2. Material Desc. | B50: : Rajangan Paiton
A51: Product Type | B51: Origin | C51: Pack Type | D51: No | E51: Gross (Kg) | F51: Tare (Kg) | G51: Netto ( Kg) | H51: Remark
A52: RAJANGAN | B52: PAITON | C52: Ball Goni | D52: 1 | E52: 49.5 | F52: 1.7 | G52: =E52-F52 -> 47.8 | H52: -
A53: RAJANGAN | B53: PAITON | C53: Ball Goni | D53: =D52+1 -> 2 | E53: 55 | F53: 1.8 | G53: =E53-F53 -> 53.2 | H53: -
A54: RAJANGAN | B54: PAITON | C54: Ball Goni | D54: =D53+1 -> 3 | E54: 47.5 | F54: 1.8 | G54: =E54-F54 -> 45.7 | H54: -
A55: RAJANGAN | B55: PAITON | C55: Ball Goni | D55: =D54+1 -> 4 | E55: 50 | F55: 1.8 | G55: =E55-F55 -> 48.2 | H55: -
A56: RAJANGAN | B56: PAITON | C56: Ball Goni | D56: =D55+1 -> 5 | E56: 61.7 | F56: 1.7 | G56: =E56-F56 -> 60 | H56: -
A57: RAJANGAN | B57: PAITON | C57: Ball Goni | D57: =D56+1 -> 6 | E57: 45.4 | F57: 1.5 | G57: =E57-F57 -> 43.9 | H57: -
A58: RAJANGAN | B58: PAITON | C58: Ball Goni | D58: =D57+1 -> 7 | E58: 47 | F58: 1.7 | G58: =E58-F58 -> 45.3 | H58: -
A59: RAJANGAN | B59: PAITON | C59: Ball Goni | D59: =D58+1 -> 8 | E59: 49.6 | F59: 1.8 | G59: =E59-F59 -> 47.8 | H59: -
A60: RAJANGAN | B60: PAITON | C60: Ball Goni | D60: =D59+1 -> 9 | E60: 57.1 | F60: 1.8 | G60: =E60-F60 -> 55.3 | H60: -
A61: RAJANGAN | B61: PAITON | C61: Ball Goni | D61: =D60+1 -> 10 | E61: 49.9 | F61: 2.1 | G61: =E61-F61 -> 47.8 | H61: -
A62: RAJANGAN | B62: PAITON | C62: Ball Goni | D62: =D61+1 -> 11 | E62: 48.3 | F62: 1.6 | G62: =E62-F62 -> 46.7 | H62: -
A63: RAJANGAN | B63: PAITON | C63: Ball Goni | D63: =D62+1 -> 12 | E63: 49.1 | F63: 1.4 | G63: =E63-F63 -> 47.7 | H63: -
A64: RAJANGAN | B64: PAITON | C64: Ball Goni | D64: =D63+1 -> 13 | E64: 51.6 | F64: 1.5 | G64: =E64-F64 -> 50.1 | H64: -
... A74: RAJANGAN | B74: PAITON | C74: Ball Goni | D74: =D73+1 -> 23 | E74: 52.5 | F74: 2.1 | G74: =E74-F74 -> 50.4 | H74: -
A75: GRAND TOTAL | D75: =D74 -> 23 | E75: =SUM(E52:E74) -> 1196.3 | F75: =SUM(F52:F74) -> 39.3 | G75: =SUM(G52:G74) -> 1157
A77: Separation Result :
A78: Product Type | B78: Origin | C78: Pack Type | D78: Product Qty (Kg) | E78: Bits Stem Qty (Kg) | F78: Dust Qty (Kg) | G78: Uncountable Waste Qty (Kg) | H78: TOTAL Qty (Kg)
A79: RAJANGAN | B79: PAITON | C79: Ball Goni | D79: 770.8 | E79: 357.3 | F79: 16.7 | G79: =G75-(D79+E79+F79) -> 12.2 | H79: =SUM(D79:G79) -> 1157
A80: PERCENTAGE (YIELD) | D80: =D79/$G$75 -> 0.6662057 | E80: =E79/$G$75 -> 0.3088159 | F80: =F79/$G$75 -> 0.014433881 | G80: =G79/$G$75 -> 0.010544512 | H80: =SUM(D80:G80) -> 1
A81: Remark :
A82: 1. Gross qty. based on actual weighing during the process.
A83: 2. Tare qty. based on actual weighing during the process.
A84: 3. Uncountable waste qty. based on teoritical calculation.
A85: 4. Percentage Yield based on total Nett. qty actual weighing.
A87: 3. Material Desc. | B87: : Rajangan Lombok
A88: Product Type | B88: Origin | C88: Pack Type | D88: No | E88: Gross (Kg) | F88: Tare (Kg) | G88: Netto ( Kg) | H88: Remark
A89: RAJANGAN | B89: LOMBOK | C89: Ball Goni | D89: 1 | E89: 52.4 | F89: 1.7 | G89: =E89-F89 -> 50.7 | H89: -
A90: RAJANGAN | B90: LOMBOK | C90: Ball Goni | D90: =D89+1 -> 2 | E90: 44.6 | F90: 1.9 | G90: =E90-F90 -> 42.7 | H90: -
A91: RAJANGAN | B91: LOMBOK | C91: Ball Goni | D91: =D90+1 -> 3 | E91: 48.8 | F91: 1.5 | G91: =E91-F91 -> 47.3 | H91: -
A92: RAJANGAN | B92: LOMBOK | C92: Ball Goni | D92: =D91+1 -> 4 | E92: 49.6 | F92: 1.3 | G92: =E92-F92 -> 48.3 | H92: -
A93: RAJANGAN | B93: LOMBOK | C93: Ball Goni | D93: =D92+1 -> 5 | E93: 48.6 | F93: 1.1 | G93: =E93-F93 -> 47.5 | H93: -
A94: RAJANGAN | B94: LOMBOK | C94: Ball Goni | D94: =D93+1 -> 6 | E94: 46.3 | F94: 1.4 | G94: =E94-F94 -> 44.9 | H94: -
A95: RAJANGAN | B95: LOMBOK | C95: Ball Goni | D95: =D94+1 -> 7 | E95: 47.1 | F95: 2.3 | G95: =E95-F95 -> 44.8 | H95: -
A96: RAJANGAN | B96: LOMBOK | C96: Ball Goni | D96: =D95+1 -> 8 | E96: 48.2 | F96: 1.3 | G96: =E96-F96 -> 46.9 | H96: -
A97: RAJANGAN | B97: LOMBOK | C97: Ball Goni | D97: =D96+1 -> 9 | E97: 44.9 | F97: 1.4 | G97: =E97-F97 -> 43.5 | H97: -
A98: RAJANGAN | B98: LOMBOK | C98: Ball Goni | D98: =D97+1 -> 10 | E98: 52 | F98: 2.2 | G98: =E98-F98 -> 49.8 | H98: -
A99: RAJANGAN | B99: LOMBOK | C99: Ball Goni | D99: =D98+1 -> 11 | E99: 51.1 | F99: 1.6 | G99: =E99-F99 -> 49.5 | H99: -
A100: RAJANGAN | B100: LOMBOK | C100: Ball Goni | D100: =D99+1 -> 12 | E100: 46.1 | F100: 1.5 | G100: =E100-F100 -> 44.6 | H100: -
A101: RAJANGAN | B101: LOMBOK | C101: Ball Goni | D101: =D100+1 -> 13 | E101: 47 | F101: 1.3 | G101: =E101-F101 -> 45.7 | H101: -
... A118: RAJANGAN | B118: LOMBOK | C118: Ball Goni | D118: =D117+1 -> 30 | E118: 43.4 | F118: 2.2 | G118: =E118-F118 -> 41.2 | H118: -
A119: GRAND TOTAL | D119: =D118 -> 30 | E119: =SUM(E89:E118) -> 1412.6 | F119: =SUM(F89:F118) -> 48.7 | G119: =SUM(G89:G118) -> 1363.9
A121: Separation Result :
A122: Product Type | B122: Origin | C122: Pack Type | D122: Product Qty (Kg) | E122: Bits Stem Qty (Kg) | F122: Dust Qty (Kg) | G122: Uncountable Waste Qty (Kg) | H122: TOTAL Qty (Kg)
A123: RAJANGAN | B123: LOMBOK | C123: Ball Goni | D123: 896.3 | E123: 432.7 | F123: 20 | G123: =G119-(D123+E123+F123) -> 14.9 | H123: =SUM(D123:G123) -> 1363.9
A124: PERCENTAGE (YIELD) | D124: =D123/$G$119 -> 0.65715962 | E124: =E123/$G$119 -> 0.317252 | F124: =F123/$G$119 -> 0.014663832 | G124: =G123/$G$119 -> 0.010924555 | H124: =SUM(D124:G124) -> 1
A125: Remark :
A126: 1. Gross qty. based on actual weighing during the process.
A127: 2. Tare qty. based on actual weighing during the process.
A128: 3. Uncountable waste qty. based on teoritical calculation.
A129: 4. Percentage Yield based on total Nett. qty actual weighing.
A131: 4. Material Desc. | B131: : Rajangan Temanggung
A132: Product Type | B132: Origin | C132: Pack Type | D132: No | E132: Gross (Kg) | F132: Tare (Kg) | G132: Netto ( Kg) | H132: Remark
A133: RAJANGAN | B133: TEMANGGUNG | C133: C-48 | D133: 1 | E133: 132.7 | F133: 15.4 | G133: =E133-F133 -> 117.3 | H133: -
A134: RAJANGAN | B134: TEMANGGUNG | C134: C-48 | D134: =D133+1 -> 2 | E134: 132.7 | F134: 15.7 | G134: =E134-F134 -> 117 | H134: -
A135: RAJANGAN | B135: TEMANGGUNG | C135: C-48 | D135: =D134+1 -> 3 | E135: 132.7 | F135: 15.5 | G135: =E135-F135 -> 117.2 | H135: -
A136: RAJANGAN | B136: TEMANGGUNG | C136: C-48 | D136: =D135+1 -> 4 | E136: 132.7 | F136: 15.3 | G136: =E136-F136 -> 117.4 | H136: -
A137: RAJANGAN | B137: TEMANGGUNG | C137: C-48 | D137: =D136+1 -> 5 | E137: 132.7 | F137: 15.5 | G137: =E137-F137 -> 117.2 | H137: -
A138: RAJANGAN | B138: TEMANGGUNG | C138: C-48 | D138: =D137+1 -> 6 | E138: 132.7 | F138: 15.6 | G138: =E138-F138 -> 117.1 | H138: -
...

Sheet SPR Batch 4 
A1: PROCESS CERTIFICATE
A3: DELIVERY NOTE :
A4: Customer | B4: : Bpk. Bimo (PT. Falih Nur Gemilang) | G4: Issued Date : | H4: 46188
A6: Product Type | B6: Origin | C6: Pack Type | D6: Gross (Kg) | E6: Tare (Kg) | F6: Netto ( Kg) | G6: Date of Receipt | H6: Delivery Note Number | L6: Revisi | M6: selisih | N6: Keterangan
A7: RAJANGAN | B7: LOMBOK '24 | C7: Ball Goni | D7: 1221 | E7: 39.8 | F7: =D7-E7 -> 1181.2 | G7: 46183 | H7: - | J7: 25 | K7: =(28*30)+32.9 -> 872.9 | L7: 786.6 | M7: =K7-L7 -> 86.3 | N7: Simpan dan tunggu info setelah batch 1 selesai
A8: RAJANGAN | B8: PAITON | C8: Ball Goni | D8: 785.3 | E8: 22.4 | F8: =D8-E8 -> 762.9 | G8: 46183 | H8: - | J8: 17 | K8: =23*30 -> 690 | L8: 527.7 | M8: =K8-L8 -> 162.3 | N8: 1 sak ada di probolinggo, 132,3 kg itu kelebihannya terkirim
A9: RAJANGAN | B9: TEMANGGUNG | C9: Karung Sak | D9: 370.1 | E9: 3 | F9: =D9-E9 -> 367.1 | G9: 46183 | H9: - | J9: 15 | K9: =(5*40)+22.7 -> 222.7
A10: RAJANGAN | B10: MADURA'25 | C10: Ball Goni | D10: 505.5 | E10: 11.8 | F10: =D10-E10 -> 493.7 | G10: 46183 | H10: - | J10: 10
A11: RAJANGAN | B11: LOMBOK '25 | C11: Ball Goni | D11: 500.4 | E11: 11.4 | F11: =D11-E11 -> 489 | G11: 46183 | H11: - | J11: 10 | K11: =(1*25)+9.7 -> 34.7
A13: Remark :
A14: 1. Gross qty. Based on Delivery Note.
A15: 2. Tare qty. Based on actual weighing during the process.
A17: SEPARATION RESULTS REPORT :
A18: 1. Material Desc. | B18: : LOMBOK '24
A19: Product Type | B19: Origin | C19: Pack Type | D19: No | E19: Gross (Kg) | F19: Tare (Kg) | G19: Netto ( Kg) | H19: Remark
A20: RAJANGAN | B20: LOMBOK '24 | C20: Ball Goni | D20: 1 | E20: 46.6 | F20: 2 | G20: =E20-F20 -> 44.6 | H20: -
A21: RAJANGAN | B21: LOMBOK '24 | C21: Ball Goni | D21: =D20+1 -> 2 | E21: 46.8 | F21: 1.7 | G21: =E21-F21 -> 45.1 | H21: -
A22: RAJANGAN | B22: LOMBOK '24 | C22: Ball Goni | D22: =D21+1 -> 3 | E22: 48.4 | F22: 1.5 | G22: =E22-F22 -> 46.9 | H22: -
A23: RAJANGAN | B23: LOMBOK '24 | C23: Ball Goni | D23: =D22+1 -> 4 | E23: 47.9 | F23: 1.4 | G23: =E23-F23 -> 46.5 | H23: -
A24: RAJANGAN | B24: LOMBOK '24 | C24: Ball Goni | D24: =D23+1 -> 5 | E24: 44.4 | F24: 1.5 | G24: =E24-F24 -> 42.9 | H24: -
A25: RAJANGAN | B25: LOMBOK '24 | C25: Ball Goni | D25: =D24+1 -> 6 | E25: 48.8 | F25: 1.6 | G25: =E25-F25 -> 47.2 | H25: -
A26: RAJANGAN | B26: LOMBOK '24 | C26: Ball Goni | D26: =D25+1 -> 7 | E26: 47.3 | F26: 1.5 | G26: =E26-F26 -> 45.8 | H26: -
A27: RAJANGAN | B27: LOMBOK '24 | C27: Ball Goni | D27: =D26+1 -> 8 | E27: 49.6 | F27: 1.3 | G27: =E27-F27 -> 48.3 | H27: -
A28: RAJANGAN | B28: LOMBOK '24 | C28: Ball Goni | D28: =D27+1 -> 9 | E28: 44 | F28: 1.5 | G28: =E28-F28 -> 42.5 | H28: -
A29: RAJANGAN | B29: LOMBOK '24 | C29: Ball Goni | D29: =D28+1 -> 10 | E29: 43.9 | F29: 1.6 | G29: =E29-F29 -> 42.3 | H29: -
A30: RAJANGAN | B30: LOMBOK '24 | C30: Ball Goni | D30: =D29+1 -> 11 | E30: 43.2 | F30: 1.4 | G30: =E30-F30 -> 41.8 | H30: -
A31: RAJANGAN | B31: LOMBOK '24 | C31: Ball Goni | D31: =D30+1 -> 12 | E31: 49.2 | F31: 1.5 | G31: =E31-F31 -> 47.7 | H31: -
A32: RAJANGAN | B32: LOMBOK '24 | C32: Ball Goni | D32: =D31+1 -> 13 | E32: 44.9 | F32: 1.5 | G32: =E32-F32 -> 43.4 | H32: -
... A46: RAJANGAN | B46: LOMBOK '24 | C46: Ball Goni | D46: =D45+1 -> 27 | E46: 16.9 | F46: 0.2 | G46: =E46-F46 -> 16.7 | H46: Remnant
A47: GRAND TOTAL | D47: =D46 -> 27 | E47: =SUM(E20:E46) -> 1193 | F47: =SUM(F20:F46) -> 39.8 | G47: =SUM(G20:G46) -> 1153.2
A49: Separation Result :
A50: Product Type | B50: Origin | C50: Pack Type | D50: Product Qty (Kg) | E50: Bits Stem Qty (Kg) | F50: Dust Qty (Kg) | G50: Uncountable Waste Qty (Kg) | H50: TOTAL Qty (Kg)
A51: RAJANGAN | B51: =B46 -> LOMBOK '24 | C51: Ball Goni | D51: 786.6 | E51: 345.3 | F51: 12.5 | G51: =G47-(D51+E51+F51) -> 8.8 | H51: =SUM(D51:G51) -> 1153.2
A52: PERCENTAGE (YIELD) | D52: =D51/$G$47 -> 0.68210198 | E52: =E51/$G$47 -> 0.29942768 | F52: =F51/$G$47 -> 0.010839403 | G52: =G51/$G$47 -> 0.00763094 | H52: =SUM(D52:G52) -> 1
A53: Remark :
A54: 1. Gross qty. based on actual weighing during the process.
A55: 2. Tare qty. based on actual weighing during the process.
A56: 3. Uncountable waste qty. based on teoritical calculation.
A57: 4. Percentage Yield based on total Nett. qty actual weighing.
A59: 2. Material Desc. | B59: : PAITON
A60: Product Type | B60: Origin | C60: Pack Type | D60: No | E60: Gross (Kg) | F60: Tare (Kg) | G60: Netto ( Kg) | H60: Remark
A61: RAJANGAN | B61: PAITON | C61: Ball Goni | D61: 1 | E61: 47.1 | F61: 1.2 | G61: =E61-F61 -> 45.9 | H61: -
A62: RAJANGAN | B62: PAITON | C62: Ball Goni | D62: =D61+1 -> 2 | E62: 48.8 | F62: 1 | G62: =E62-F62 -> 47.8 | H62: -
A63: RAJANGAN | B63: PAITON | C63: Ball Goni | D63: =D62+1 -> 3 | E63: 47.8 | F63: 1.1 | G63: =E63-F63 -> 46.7 | H63: -
A64: RAJANGAN | B64: PAITON | C64: Ball Goni | D64: =D63+1 -> 4 | E64: 48.7 | F64: 1.5 | G64: =E64-F64 -> 47.2 | H64: -
A65: RAJANGAN | B65: PAITON | C65: Ball Goni | D65: =D64+1 -> 5 | E65: 48.9 | F65: 1.7 | G65: =E65-F65 -> 47.2 | H65: -
A66: RAJANGAN | B66: PAITON | C66: Ball Goni | D66: =D65+1 -> 6 | E66: 41.2 | F66: 1.4 | G66: =E66-F66 -> 39.8 | H66: -
A67: RAJANGAN | B67: PAITON | C67: Ball Goni | D67: =D66+1 -> 7 | E67: 41.9 | F67: 1.4 | G67: =E67-F67 -> 40.5 | H67: -
A68: RAJANGAN | B68: PAITON | C68: Ball Goni | D68: =D67+1 -> 8 | E68: 47 | F68: 1 | G68: =E68-F68 -> 46 | H68: -
A69: RAJANGAN | B69: PAITON | C69: Ball Goni | D69: =D68+1 -> 9 | E69: 48.6 | F69: 1 | G69: =E69-F69 -> 47.6 | H69: -
A70: RAJANGAN | B70: PAITON | C70: Ball Goni | D70: =D69+1 -> 10 | E70: 50 | F70: 1.2 | G70: =E70-F70 -> 48.8 | H70: -
A71: RAJANGAN | B71: PAITON | C71: Ball Goni | D71: =D70+1 -> 11 | E71: 51.1 | F71: 1.2 | G71: =E71-F71 -> 49.9 | H71: -
A72: RAJANGAN | B72: PAITON | C72: Ball Goni | D72: =D71+1 -> 12 | E72: 47.9 | F72: 1.7 | G72: =E72-F72 -> 46.2 | H72: -
A73: RAJANGAN | B73: PAITON | C73: Ball Goni | D73: =D72+1 -> 13 | E73: 50.5 | F73: 1.2 | G73: =E73-F73 -> 49.3 | H73: -
... A77: RAJANGAN | B77: PAITON | C77: Ball Goni | D77: =D76+1 -> 17 | E77: 47.3 | F77: 1.3 | G77: =E77-F77 -> 46 | H77: -
A78: GRAND TOTAL | D78: =D77 -> 17 | E78: =SUM(E61:E77) -> 820.6 | F78: =SUM(F61:F77) -> 22.4 | G78: =SUM(G61:G77) -> 798.2
A80: Separation Result :
A81: Product Type | B81: Origin | C81: Pack Type | D81: Product Qty (Kg) | E81: Bits Stem Qty (Kg) | F81: Dust Qty (Kg) | G81: Uncountable Waste Qty (Kg) | H81: TOTAL Qty (Kg)
A82: RAJANGAN | B82: PAITON | C82: Ball Goni | D82: 527.7 | E82: 251.2 | F82: 11.9 | G82: =G78-(D82+E82+F82) -> 7.4 | H82: =SUM(D82:G82) -> 798.2
A83: PERCENTAGE (YIELD) | D83: =D82/$G$78 -> 0.6611125 | E83: =E82/$G$78 -> 0.31470809 | F83: =F82/$G$78 -> 0.014908544 | G83: =G82/$G$78 -> 0.0092708594 | H83: =SUM(D83:G83) -> 1
A84: Remark :
A85: 1. Gross qty. based on actual weighing during the process.
A86: 2. Tare qty. based on actual weighing during the process.
A87: 3. Uncountable waste qty. based on teoritical calculation.
A88: 4. Percentage Yield based on total Nett. qty actual weighing.
A90: 3. Material Desc. | B90: : TEMANGGUNG
A91: Product Type | B91: Origin | C91: Pack Type | D91: No | E91: Gross (Kg) | F91: Tare (Kg) | G91: Netto ( Kg) | H91: Remark
A92: RAJANGAN | B92: TEMANGGUNG | C92: Karung Sak | D92: 1 | E92: 27.6 | F92: 0.2 | G92: =E92-F92 -> 27.4 | H92: -
A93: RAJANGAN | B93: TEMANGGUNG | C93: Karung Sak | D93: =D92+1 -> 2 | E93: 24.7 | F93: 0.2 | G93: =E93-F93 -> 24.5 | H93: -
A94: RAJANGAN | B94: TEMANGGUNG | C94: Karung Sak | D94: =D93+1 -> 3 | E94: 26.5 | F94: 0.2 | G94: =E94-F94 -> 26.3 | H94: -
A95: RAJANGAN | B95: TEMANGGUNG | C95: Karung Sak | D95: =D94+1 -> 4 | E95: 26.5 | F95: 0.2 | G95: =E95-F95 -> 26.3 | H95: -
A96: RAJANGAN | B96: TEMANGGUNG | C96: Karung Sak | D96: =D95+1 -> 5 | E96: 21.4 | F96: 0.2 | G96: =E96-F96 -> 21.2 | H96: -
A97: RAJANGAN | B97: TEMANGGUNG | C97: Karung Sak | D97: =D96+1 -> 6 | E97: 23.7 | F97: 0.2 | G97: =E97-F97 -> 23.5 | H97: -
A98: RAJANGAN | B98: TEMANGGUNG | C98: Karung Sak | D98: =D97+1 -> 7 | E98: 24.3 | F98: 0.2 | G98: =E98-F98 -> 24.1 | H98: -
A99: RAJANGAN | B99: TEMANGGUNG | C99: Karung Sak | D99: =D98+1 -> 8 | E99: 26.7 | F99: 0.2 | G99: =E99-F99 -> 26.5 | H99: -
A100: RAJANGAN | B100: TEMANGGUNG | C100: Karung Sak | D100: =D99+1 -> 9 | E100: 22.6 | F100: 0.2 | G100: =E100-F100 -> 22.4 | H100: -
A101: RAJANGAN | B101: TEMANGGUNG | C101: Karung Sak | D101: =D100+1 -> 10 | E101: 24.6 | F101: 0.2 | G101: =E101-F101 -> 24.4 | H101: -
A102: RAJANGAN | B102: TEMANGGUNG | C102: Karung Sak | D102: =D101+1 -> 11 | E102: 26.4 | F102: 0.2 | G102: =E102-F102 -> 26.2 | H102: -
A103: RAJANGAN | B103: TEMANGGUNG | C103: Karung Sak | D103: =D102+1 -> 12 | E103: 23.5 | F103: 0.2 | G103: =E103-F103 -> 23.3 | H103: -
A104: RAJANGAN | B104: TEMANGGUNG | C104: Karung Sak | D104: =D103+1 -> 13 | E104: 22.3 | F104: 0.2 | G104: =E104-F104 -> 22.1 | H104: -
... A106: RAJANGAN | B106: TEMANGGUNG | C106: Karung Sak | D106: =D105+1 -> 15 | E106: 26.5 | F106: 0.2 | G106: =E106-F106 -> 26.3 | H106: -
A107: GRAND TOTAL | D107: =D106 -> 15 | E107: =SUM(E92:E106) -> 373.8 | F107: =SUM(F92:F106) -> 3 | G107: =SUM(G92:G106) -> 370.8
A109: Separation Result :
A110: Product Type | B110: Origin | C110: Pack Type | D110: Product Qty (Kg) | E110: Bits Stem Qty (Kg) | F110: Dust Qty (Kg) | G110: Uncountable Waste Qty (Kg) | H110: TOTAL Qty (Kg)
A111: RAJANGAN | B111: TEMANGGUNG | C111: Karung Sak | D111: 222.6 | E111: 138.8 | F111: 8.2 | G111: =G107-(D111+E111+F111) -> 1.2 | H111: =SUM(D111:G111) -> 370.8
A112: PERCENTAGE (YIELD) | D112: =D111/$G$107 -> 0.60032362 | E112: =E111/$G$107 -> 0.37432578 | F112: =F111/$G$107 -> 0.022114347 | G112: =G111/$G$107 -> 0.003236246 | H112: =SUM(D112:G112) -> 1
A113: Remark :
A114: 1. Gross qty. based on actual weighing during the process.
A115: 2. Tare qty. based on actual weighing during the process.
A116: 3. Uncountable waste qty. based on teoritical calculation.
A117: 4. Percentage Yield based on total Nett. qty actual weighing.
A119: 4. Material Desc. | B119: : MADURA'25
A120: Product Type | B120: Origin | C120: Pack Type | D120: No | E120: Gross (Kg) | F120: Tare (Kg) | G120: Netto ( Kg) | H120: Remark
A121: RAJANGAN | B121: MADURA'25 | C121: Ball Goni | D121: 1 | E121: 54.5 | F121: 1.2 | G121: =E121-F121 -> 53.3 | H121: -
A122: RAJANGAN | B122: MADURA'25 | C122: Ball Goni | D122: =D121+1 -> 2 | E122: 48 | F122: 1.1 | G122: =E122-F122 -> 46.9 | H122: -
A123: RAJANGAN | B123: MADURA'25 | C123: Ball Goni | D123: =D122+1 -> 3 | E123: 49.3 | F123: 1.4 | G123: =E123-F123 -> 47.9 | H123: -
A124: RAJANGAN | B124: MADURA'25 | C124: Ball Goni | D124: =D123+1 -> 4 | E124: 54.3 | F124: 1.1 | G124: =E124-F124 -> 53.2 | H124: -
A125: RAJANGAN | B125: MADURA'25 | C125: Ball Goni | D125: =D124+1 -> 5 | E125: 49.3 | F125: 1.1 | G125: =E125-F125 -> 48.2 | H125: -
A126: RAJANGAN | B126: MADURA'25 | C126: Ball Goni | D126: =D125+1 -> 6 | E126: 53.8 | F126: 1.1 | G126: =E126-F126 -> 52.7 | H126: -
A127: RAJANGAN | B127: MADURA'25 | C127: Ball Goni | D127: =D126+1 -> 7 | E127: 53.2 | F127: 1.1 | G127: =E127-F127 -> 52.1 | H127: -
...

Sheet SPR Batch 5
A1: PROCESS CERTIFICATE
A3: DELIVERY NOTE :
A4: Customer | B4: : Bpk. Bimo (PT. Falih Nur Gemilang) | H4: Issued Date : | I4: 46199
A6: Product Type | B6: Origin | C6: Total Pack (Unit) | D6: Pack Type | E6: Gross (Kg) | F6: Tare (Kg) | G6: Netto ( Kg) | H6: Date of Receipt | I6: Delivery Note Number
A7: RAJANGAN | B7: LOMBOK P9 | C7: 20 | D7: Ball Goni | E7: 1013.4 | F7: 22.5 | G7: =E7-F7 -> 990.9 | H7: 46184 | I7: - | L7: 20
A8: RAJANGAN | B8: PAITON P10 | C8: 22 | D8: Ball Goni | E8: 1087.6 | F8: 27.7 | G8: =E8-F8 -> 1059.9 | H8: 46184 | I8: - | L8: 22 | M8: =E8*0.95% -> 10.3322
A9: RAJANGAN | B9: MADURA P11 | C9: 17 | D9: Ball Goni | E9: 843.3 | F9: 20.2 | G9: =E9-F9 -> 823.1 | H9: 46184 | I9: - | L9: 17 | M9: =E9*0.95% -> 8.01135
A10: RAJANGAN | B10: Madura | D10: C48 | E10: 784.4 | F10: 122.4 | G10: =E10-F10 -> 662 | H10: 46179 | I10: -
A11: RAJANGAN | B11: Temanggung | D11: Sak | E11: 695.8 | F11: 5.6 | G11: =E11-F11 -> 690.2 | H11: 46179 | I11: -
A12: Remark :
A13: 1. Gross qty. Based on Delivery Note.
A14: 2. Tare qty. Based on actual weighing during the process.
A16: SEPARATION RESULTS REPORT :
A17: 1. Material Desc : LOMBOK P9
A18: Product Type | B18: Origin | C18: Pack Type | E18: No | F18: Gross (Kg) | G18: Tare (Kg) | H18: Netto ( Kg) | I18: Remark
A19: RAJANGAN | B19: LOMBOK P9 | C19: Ball Goni | E19: 1 | F19: 52.4 | G19: 1 | H19: =F19-G19 -> 51.4 | I19: -
A20: RAJANGAN | B20: LOMBOK P9 | C20: Ball Goni | E20: =E19+1 -> 2 | F20: 50.9 | G20: 1 | H20: =F20-G20 -> 49.9 | I20: -
A21: RAJANGAN | B21: LOMBOK P9 | C21: Ball Goni | E21: =E20+1 -> 3 | F21: 48.3 | G21: 1.5 | H21: =F21-G21 -> 46.8 | I21: -
A22: RAJANGAN | B22: LOMBOK P9 | C22: Ball Goni | E22: =E21+1 -> 4 | F22: 52.2 | G22: 1 | H22: =F22-G22 -> 51.2 | I22: -
A23: RAJANGAN | B23: LOMBOK P9 | C23: Ball Goni | E23: =E22+1 -> 5 | F23: 51.6 | G23: 1.4 | H23: =F23-G23 -> 50.2 | I23: -
A24: RAJANGAN | B24: LOMBOK P9 | C24: Ball Goni | E24: =E23+1 -> 6 | F24: 52.3 | G24: 1.5 | H24: =F24-G24 -> 50.8 | I24: -
A25: RAJANGAN | B25: LOMBOK P9 | C25: Ball Goni | E25: =E24+1 -> 7 | F25: 51.1 | G25: 1 | H25: =F25-G25 -> 50.1 | I25: -
A26: RAJANGAN | B26: LOMBOK P9 | C26: Ball Goni | E26: =E25+1 -> 8 | F26: 48.9 | G26: 1 | H26: =F26-G26 -> 47.9 | I26: -
A27: RAJANGAN | B27: LOMBOK P9 | C27: Ball Goni | E27: =E26+1 -> 9 | F27: 48.7 | G27: 1.3 | H27: =F27-G27 -> 47.4 | I27: -
A28: RAJANGAN | B28: LOMBOK P9 | C28: Ball Goni | E28: =E27+1 -> 10 | F28: 53.9 | G28: 1.2 | H28: =F28-G28 -> 52.7 | I28: -
A29: RAJANGAN | B29: LOMBOK P9 | C29: Ball Goni | E29: =E28+1 -> 11 | F29: 51.8 | G29: 1.1 | H29: =F29-G29 -> 50.7 | I29: -
A30: RAJANGAN | B30: LOMBOK P9 | C30: Ball Goni | E30: =E29+1 -> 12 | F30: 50.5 | G30: 1.1 | H30: =F30-G30 -> 49.4 | I30: -
A31: RAJANGAN | B31: LOMBOK P9 | C31: Ball Goni | E31: =E30+1 -> 13 | F31: 51.5 | G31: 1.1 | H31: =F31-G31 -> 50.4 | I31: -
... A38: RAJANGAN | B38: LOMBOK P9 | C38: Ball Goni | E38: =E37+1 -> 20 | F38: 50.5 | G38: 0.8 | H38: =F38-G38 -> 49.7 | I38: -
A39: GRAND TOTAL | E39: =E38 -> 20 | F39: =SUM(F19:F38) -> 1015.2 | G39: =SUM(G19:G38) -> 22.5 | H39: =SUM(H19:H38) -> 992.7 | K39: =E7-F39 -> -1.8
A41: Separation Result :
A42: Product Type | B42: Origin | C42: Pack Type | E42: Product Qty (Kg) | F42: Bits Stem Qty (Kg) | G42: Dust Qty (Kg) | H42: Uncountable Waste Qty (Kg) | I42: TOTAL Qty (Kg)
A43: RAJANGAN | B43: LOMBOK P9 | C43: Ball Goni | E43: =614.8+50 -> 664.8 | F43: 306.2 | G43: 10.7 | H43: =IF(E43="","",(H39-E43-F43-G43)) -> 11 | I43: =IF(E43="","",SUM(E43:H43)) -> 992.7
A44: PERCENTAGE (YIELD) | E44: =IF(E43="","",E43/$H$39) -> 0.66968873 | F44: =IF(F43="","",F43/$H$39) -> 0.3084517 | G44: =IF(G43="","",G43/$H$39) -> 0.010778684 | H44: =IF(H43="","",H43/$H$39) -> 0.011080891 | I44: =IF(I43="","",SUM(E44:H44)) -> 1
A45: Remark :
A46: 1. Gross qty. based on actual weighing during the process.
A47: 2. Tare qty. based on actual weighing during the process.
A48: 3. Uncountable waste qty. based on teoritical calculation.
A49: 4. Percentage Yield based on total Nett. qty actual weighing.
A51: 2. Material Desc : PAITON P10
A52: Product Type | B52: Origin | C52: Pack Type | E52: No | F52: Gross (Kg) | G52: Tare (Kg) | H52: Netto ( Kg) | I52: Remark
A53: RAJANGAN | B53: PAITON P10 | C53: Ball Goni | E53: 1 | F53: 51.9 | G53: 1.3 | H53: =F53-G53 -> 50.6 | I53: -
A54: RAJANGAN | B54: PAITON P10 | C54: Ball Goni | E54: =E53+1 -> 2 | F54: 49.2 | G54: 1.2 | H54: =F54-G54 -> 48 | I54: -
A55: RAJANGAN | B55: PAITON P10 | C55: Ball Goni | E55: =E54+1 -> 3 | F55: 50.7 | G55: 1.1 | H55: =F55-G55 -> 49.6 | I55: -
A56: RAJANGAN | B56: PAITON P10 | C56: Ball Goni | E56: =E55+1 -> 4 | F56: 48.9 | G56: 1.2 | H56: =F56-G56 -> 47.7 | I56: -
A57: RAJANGAN | B57: PAITON P10 | C57: Ball Goni | E57: =E56+1 -> 5 | F57: 48.9 | G57: 1.5 | H57: =F57-G57 -> 47.4 | I57: -
A58: RAJANGAN | B58: PAITON P10 | C58: Ball Goni | E58: =E57+1 -> 6 | F58: 48.8 | G58: 1.2 | H58: =F58-G58 -> 47.6 | I58: -
A59: RAJANGAN | B59: PAITON P10 | C59: Ball Goni | E59: =E58+1 -> 7 | F59: 52.9 | G59: 1.1 | H59: =F59-G59 -> 51.8 | I59: -
A60: RAJANGAN | B60: PAITON P10 | C60: Ball Goni | E60: =E59+1 -> 8 | F60: 51.8 | G60: 1 | H60: =F60-G60 -> 50.8 | I60: -
A61: RAJANGAN | B61: PAITON P10 | C61: Ball Goni | E61: =E60+1 -> 9 | F61: 45.3 | G61: 1 | H61: =F61-G61 -> 44.3 | I61: -
A62: RAJANGAN | B62: PAITON P10 | C62: Ball Goni | E62: =E61+1 -> 10 | F62: 48.3 | G62: 1 | H62: =F62-G62 -> 47.3 | I62: -
A63: RAJANGAN | B63: PAITON P10 | C63: Ball Goni | E63: =E62+1 -> 11 | F63: 49.3 | G63: 1.5 | H63: =F63-G63 -> 47.8 | I63: -
A64: RAJANGAN | B64: PAITON P10 | C64: Ball Goni | E64: =E63+1 -> 12 | F64: 47.3 | G64: 1.1 | H64: =F64-G64 -> 46.2 | I64: -
A65: RAJANGAN | B65: PAITON P10 | C65: Ball Goni | E65: =E64+1 -> 13 | F65: 48.6 | G65: 0.8 | H65: =F65-G65 -> 47.8 | I65: -
... A74: RAJANGAN | B74: PAITON P10 | C74: Ball Goni | E74: =E73+1 -> 22 | F74: 47.2 | G74: 1.1 | H74: =F74-G74 -> 46.1 | I74: -
A75: GRAND TOTAL | E75: =E74 -> 22 | F75: =SUM(F53:F74) -> 1087.4 | G75: =SUM(G53:G74) -> 27.7 | H75: =SUM(H53:H74) -> 1059.7 | K75: =E8-F75 -> 0.2
A77: Separation Result :
A78: Product Type | B78: Origin | C78: Pack Type | E78: Product Qty (Kg) | F78: Bits Stem Qty (Kg) | G78: Dust Qty (Kg) | H78: Uncountable Waste Qty (Kg) | I78: TOTAL Qty (Kg)
A79: RAJANGAN | B79: PAITON P10 | C79: Ball Goni | E79: 816 | F79: 219 | G79: 13.5 | H79: =IF(E79="","",(H75-E79-F79-G79)) -> 11.2 | I79: =IF(E79="","",SUM(E79:H79)) -> 1059.7 | L79: 691 | M79: =816-75 -> 741
A80: PERCENTAGE (YIELD) | E80: =IF(E79="","",E79/$H$75) -> 0.77002925 | F80: =IF(F79="","",F79/$H$75) -> 0.20666226 | G80: =IF(G79="","",G79/$H$75) -> 0.012739455 | H80: =IF(H79="","",H79/$H$75) -> 0.010569029 | I80: =IF(I79="","",SUM(E80:H80)) -> 1
A81: Remark :
A82: 1. Gross qty. based on actual weighing during the process.
A83: 2. Tare qty. based on actual weighing during the process.
A84: 3. Uncountable waste qty. based on teoritical calculation.
A85: 4. Percentage Yield based on total Nett. qty actual weighing.
A87: 3. Material Desc : MADURA P11
A88: Product Type | B88: Origin | C88: Pack Type | E88: No | F88: Gross (Kg) | G88: Tare (Kg) | H88: Netto ( Kg) | I88: Remark
A89: RAJANGAN | B89: MADURA P11 | C89: Ball Goni | E89: 1 | F89: 45.6 | G89: 1.3 | H89: =F89-G89 -> 44.3 | I89: -
A90: RAJANGAN | B90: MADURA P11 | C90: Ball Goni | E90: =E89+1 -> 2 | F90: 53.9 | G90: 1 | H90: =F90-G90 -> 52.9 | I90: -
A91: RAJANGAN | B91: MADURA P11 | C91: Ball Goni | E91: =E90+1 -> 3 | F91: 53.8 | G91: 1.1 | H91: =F91-G91 -> 52.7 | I91: -
A92: RAJANGAN | B92: MADURA P11 | C92: Ball Goni | E92: =E91+1 -> 4 | F92: 48.8 | G92: 1.1 | H92: =F92-G92 -> 47.7 | I92: -
A93: RAJANGAN | B93: MADURA P11 | C93: Ball Goni | E93: =E92+1 -> 5 | F93: 49.5 | G93: 1.1 | H93: =F93-G93 -> 48.4 | I93: -
A94: RAJANGAN | B94: MADURA P11 | C94: Ball Goni | E94: =E93+1 -> 6 | F94: 50 | G94: 1.3 | H94: =F94-G94 -> 48.7 | I94: -
A95: RAJANGAN | B95: MADURA P11 | C95: Ball Goni | E95: =E94+1 -> 7 | F95: 51.1 | G95: 1 | H95: =F95-G95 -> 50.1 | I95: -
A96: RAJANGAN | B96: MADURA P11 | C96: Ball Goni | E96: =E95+1 -> 8 | F96: 47.7 | G96: 1.1 | H96: =F96-G96 -> 46.6 | I96: -
A97: RAJANGAN | B97: MADURA P11 | C97: Ball Goni | E97: =E96+1 -> 9 | F97: 46.6 | G97: 1.3 | H97: =F97-G97 -> 45.3 | I97: -
A98: RAJANGAN | B98: MADURA P11 | C98: Ball Goni | E98: =E97+1 -> 10 | F98: 47.9 | G98: 1.1 | H98: =F98-G98 -> 46.8 | I98: -
A99: RAJANGAN | B99: MADURA P11 | C99: Ball Goni | E99: =E98+1 -> 11 | F99: 49.7 | G99: 1.2 | H99: =F99-G99 -> 48.5 | I99: -
A100: RAJANGAN | B100: MADURA P11 | C100: Ball Goni | E100: =E99+1 -> 12 | F100: 50.6 | G100: 1.4 | H100: =F100-G100 -> 49.2 | I100: -
A101: RAJANGAN | B101: MADURA P11 | C101: Ball Goni | E101: =E100+1 -> 13 | F101: 51.7 | G101: 1.7 | H101: =F101-G101 -> 50 | I101: -
... A105: RAJANGAN | B105: MADURA P11 | C105: Ball Goni | E105: =E104+1 -> 17 | F105: 50.7 | G105: 1 | H105: =F105-G105 -> 49.7 | I105: -
A106: GRAND TOTAL | E106: =E105 -> 17 | F106: =SUM(F89:F105) -> 845 | G106: =SUM(G89:G105) -> 20.2 | H106: =SUM(H89:H105) -> 824.8 | K106: =E9-F106 -> -1.7
A108: Separation Result :
A109: Product Type | B109: Origin | C109: Pack Type | E109: Product Qty (Kg) | F109: Bits Stem Qty (Kg) | G109: Dust Qty (Kg) | H109: Uncountable Waste Qty (Kg) | I109: TOTAL Qty (Kg)
A110: RAJANGAN | B110: =B105 -> MADURA P11 | C110: Ball Goni | E110: 671.6 | F110: 127.7 | G110: 13.5 | H110: =IF(E110="","",(H106-E110-F110-G110)) -> 12 | I110: =IF(E110="","",SUM(E110:H110)) -> 824.8
A111: PERCENTAGE (YIELD) | E111: =IF(E110="","",E110/$H$106) -> 0.814258 | F111: =IF(F110="","",F110/$H$106) -> 0.15482541 | G111: =IF(G110="","",G110/$H$106) -> 0.016367604 | H111: =IF(H110="","",H110/$H$106) -> 0.014548982 | I111: =IF(I110="","",SUM(E111:H111)) -> 1
A112: Remark :
A113: 1. Gross qty. based on actual weighing during the process.
A114: 2. Tare qty. based on actual weighing during the process.
A115: 3. Uncountable waste qty. based on teoritical calculation.
A116: 4. Percentage Yield based on total Nett. qty actual weighing.
A118: 4. Material Desc. | B118: : Rajangan Temanggung
A119: Product Type | B119: Origin | D119: Pack Type | E119: No | F119: Gross (Kg) | G119: Tare (Kg) | H119: Netto ( Kg) | I119: Remark
A120: RAJANGAN | B120: TEMANGGUNG | D120: C-48 | E120: 1 | F120: 132.7 | G120: 15.4 | H120: =F120-G120 -> 117.3 | I120: -
A121: RAJANGAN | B121: TEMANGGUNG | D121: C-48 | E121: =E120+1 -> 2 | F121: 132.7 | G121: 15.7 | H121: =F121-G121 -> 117 | I121: -
A122: RAJANGAN | B122: TEMANGGUNG | D122: C-48 | E122: =E121+1 -> 3 | F122: 132.7 | G122: 15.5 | H122: =F122-G122 -> 117.2 | I122: -
A123: RAJANGAN | B123: TEMANGGUNG | D123: C-48 | E123: =E122+1 -> 4 | F123: 132.7 | G123: 15.3 | H123: =F123-G123 -> 117.4 | I123: -
A124: RAJANGAN | B124: TEMANGGUNG | D124: C-48 | E124: =E123+1 -> 5 | F124: 132.7 | G124: 15.5 | H124: =F124-G124 -> 117.2 | I124: -
A125: RAJANGAN | B125: TEMANGGUNG | D125: C-48 | E125: =E124+1 -> 6 | F125: 132.7 | G125: 15.6 | H125: =F125-G125 -> 117.1 | I125: -
A126: GRAND TOTAL | E126: =E125 -> 6 | F126: =SUM(F120:F125) -> 796.2 | G126: =SUM(G120:G125) -> 93 | H126: =SUM(H120:H125) -> 703.2
...

Sheet SPR Batch6
A1: PROCESS CERTIFICATE
A3: DELIVERY NOTE :
A4: Customer | B4: : Bpk. Bimo (PT. Falih Nur Gemilang) | H4: Issued Date : | I4: 46199
A6: Product Type | B6: Origin | C6: Total Pack (Unit) | D6: Pack Type | E6: Gross (Kg) | F6: Tare (Kg) | G6: Netto ( Kg) | H6: Date of Receipt | I6: Delivery Note Number
A7: RAJANGAN | B7: LOMBOK '25 | C7: 29 | D7: Ball Goni | E7: 1350.5 | F7: 49.4 | G7: =E7-F7 -> 1301.1 | H7: 46185 | I7: - | L7: 29
A8: RAJANGAN | B8: PAITON P10-5 | C8: 28 | D8: Ball Goni | E8: 1363 | F8: 32.4 | G8: =E8-F8 -> 1330.6 | H8: 46185 | I8: - | L8: 28
A9: RAJANGAN | B9: TEMANGGUNG | C9: 4 | D9: C48 | E9: 367.2 | F9: 61.9 | G9: =E9-F9 -> 305.3 | H9: 46185 | I9: - | L9: 4
A10: RAJANGAN | B10: Madura | D10: C48 | E10: 784.4 | F10: 122.4 | G10: =E10-F10 -> 662 | H10: 46179 | I10: -
A11: RAJANGAN | B11: Temanggung | D11: Sak | E11: 695.8 | F11: 5.6 | G11: =E11-F11 -> 690.2 | H11: 46179 | I11: -
A13: Remark :
A14: 1. Gross qty. Based on Delivery Note.
A15: 2. Tare qty. Based on actual weighing during the process.
A17: SEPARATION RESULTS REPORT :
A18: 1. Material Desc : LOMBOK '25
A19: Product Type | B19: Origin | C19: Pack Type | E19: No | F19: Gross (Kg) | G19: Tare (Kg) | H19: Netto ( Kg) | I19: Remark
A20: RAJANGAN | B20: LOMBOK '25 | C20: Ball Goni | E20: 1 | F20: 48.8 | G20: 1.5 | H20: =F20-G20 -> 47.3 | I20: -
A21: RAJANGAN | B21: LOMBOK '25 | C21: Ball Goni | E21: =E20+1 -> 2 | F21: 48.1 | G21: 1.8 | H21: =F21-G21 -> 46.3 | I21: -
A22: RAJANGAN | B22: LOMBOK '25 | C22: Ball Goni | E22: =E21+1 -> 3 | F22: 45.1 | G22: 1.4 | H22: =F22-G22 -> 43.7 | I22: -
A23: RAJANGAN | B23: LOMBOK '25 | C23: Ball Goni | E23: =E22+1 -> 4 | F23: 49.4 | G23: 1.6 | H23: =F23-G23 -> 47.8 | I23: -
A24: RAJANGAN | B24: LOMBOK '25 | C24: Ball Goni | E24: =E23+1 -> 5 | F24: 48.4 | G24: 1.5 | H24: =F24-G24 -> 46.9 | I24: -
A25: RAJANGAN | B25: LOMBOK '25 | C25: Ball Goni | E25: =E24+1 -> 6 | F25: 46.4 | G25: 1.9 | H25: =F25-G25 -> 44.5 | I25: -
A26: RAJANGAN | B26: LOMBOK '25 | C26: Ball Goni | E26: =E25+1 -> 7 | F26: 50.2 | G26: 1.4 | H26: =F26-G26 -> 48.8 | I26: -
A27: RAJANGAN | B27: LOMBOK '25 | C27: Ball Goni | E27: =E26+1 -> 8 | F27: 39.6 | G27: 1.9 | H27: =F27-G27 -> 37.7 | I27: -
A28: RAJANGAN | B28: LOMBOK '25 | C28: Ball Goni | E28: =E27+1 -> 9 | F28: 47.1 | G28: 1.7 | H28: =F28-G28 -> 45.4 | I28: -
A29: RAJANGAN | B29: LOMBOK '25 | C29: Ball Goni | E29: =E28+1 -> 10 | F29: 52.2 | G29: 1.5 | H29: =F29-G29 -> 50.7 | I29: -
A30: RAJANGAN | B30: LOMBOK '25 | C30: Ball Goni | E30: =E29+1 -> 11 | F30: 49 | G30: 1.7 | H30: =F30-G30 -> 47.3 | I30: -
A31: RAJANGAN | B31: LOMBOK '25 | C31: Ball Goni | E31: =E30+1 -> 12 | F31: 45.2 | G31: 1.8 | H31: =F31-G31 -> 43.4 | I31: -
A32: RAJANGAN | B32: LOMBOK '25 | C32: Ball Goni | E32: =E31+1 -> 13 | F32: 44.9 | G32: 1.9 | H32: =F32-G32 -> 43 | I32: -
... A48: RAJANGAN | B48: LOMBOK '25 | C48: Ball Goni | E48: =E47+1 -> 29 | F48: 37.4 | G48: 1.4 | H48: =F48-G48 -> 36 | I48: -
A49: GRAND TOTAL | E49: =E48 -> 29 | F49: =SUM(F20:F48) -> 1351.2 | G49: =SUM(G20:G48) -> 49.4 | H49: =SUM(H20:H48) -> 1301.8 | K49: =E7-F49 -> -0.7
A51: Separation Result :
A52: Product Type | B52: Origin | C52: Pack Type | E52: Product Qty (Kg) | F52: Bits Stem Qty (Kg) | G52: Dust Qty (Kg) | H52: Uncountable Waste Qty (Kg) | I52: TOTAL Qty (Kg)
A53: RAJANGAN | B53: LOMBOK '25 | C53: Ball Goni | E53: 827.2 | F53: 443.4 | G53: 17.9 | H53: =IF(E53="","",(H49-E53-F53-G53)) -> 13.3 | I53: =IF(E53="","",SUM(E53:H53)) -> 1301.8
A54: PERCENTAGE (YIELD) | E54: =IF(E53="","",E53/$H49) -> 0.63542787 | F54: =IF(F53="","",F53/$H49) -> 0.34060532 | G54: =IF(G53="","",G53/$H49) -> 0.013750192 | H54: =IF(H53="","",H53/$H49) -> 0.010216623 | I54: =IF(I53="","",SUM(E54:H54)) -> 1
A55: Remark :
A56: 1. Gross qty. based on actual weighing during the process.
A57: 2. Tare qty. based on actual weighing during the process.
A58: 3. Uncountable waste qty. based on teoritical calculation.
A59: 4. Percentage Yield based on total Nett. qty actual weighing.
A61: 2. Material Desc : PAITON P10-5
A62: Product Type | B62: Origin | C62: Pack Type | E62: No | F62: Gross (Kg) | G62: Tare (Kg) | H62: Netto ( Kg) | I62: Remark
A63: RAJANGAN | B63: PAITON P10-5 | C63: Ball Goni | E63: 1 | F63: 49.4 | G63: 1.1 | H63: =F63-G63 -> 48.3 | I63: -
A64: RAJANGAN | B64: PAITON P10-5 | C64: Ball Goni | E64: =E63+1 -> 2 | F64: 47 | G64: 1.2 | H64: =F64-G64 -> 45.8 | I64: -
A65: RAJANGAN | B65: PAITON P10-5 | C65: Ball Goni | E65: =E64+1 -> 3 | F65: 51 | G65: 1 | H65: =F65-G65 -> 50 | I65: -
A66: RAJANGAN | B66: PAITON P10-5 | C66: Ball Goni | E66: =E65+1 -> 4 | F66: 47.8 | G66: 1.6 | H66: =F66-G66 -> 46.2 | I66: -
A67: RAJANGAN | B67: PAITON P10-5 | C67: Ball Goni | E67: =E66+1 -> 5 | F67: 45.9 | G67: 1.1 | H67: =F67-G67 -> 44.8 | I67: -
A68: RAJANGAN | B68: PAITON P10-5 | C68: Ball Goni | E68: =E67+1 -> 6 | F68: 43.8 | G68: 1 | H68: =F68-G68 -> 42.8 | I68: -
A69: RAJANGAN | B69: PAITON P10-5 | C69: Ball Goni | E69: =E68+1 -> 7 | F69: 51.6 | G69: 1 | H69: =F69-G69 -> 50.6 | I69: -
A70: RAJANGAN | B70: PAITON P10-5 | C70: Ball Goni | E70: =E69+1 -> 8 | F70: 48.1 | G70: 1.1 | H70: =F70-G70 -> 47 | I70: -
A71: RAJANGAN | B71: PAITON P10-5 | C71: Ball Goni | E71: =E70+1 -> 9 | F71: 48 | G71: 1.2 | H71: =F71-G71 -> 46.8 | I71: -
A72: RAJANGAN | B72: PAITON P10-5 | C72: Ball Goni | E72: =E71+1 -> 10 | F72: 49.6 | G72: 1.2 | H72: =F72-G72 -> 48.4 | I72: -
A73: RAJANGAN | B73: PAITON P10-5 | C73: Ball Goni | E73: =E72+1 -> 11 | F73: 49.8 | G73: 1.2 | H73: =F73-G73 -> 48.6 | I73: -
A74: RAJANGAN | B74: PAITON P10-5 | C74: Ball Goni | E74: =E73+1 -> 12 | F74: 50.2 | G74: 1.5 | H74: =F74-G74 -> 48.7 | I74: -
A75: RAJANGAN | B75: PAITON P10-5 | C75: Ball Goni | E75: =E74+1 -> 13 | F75: 48.8 | G75: 1.1 | H75: =F75-G75 -> 47.7 | I75: -
... A82: RAJANGAN | B82: PAITON P10-5 | C82: Ball Goni | E82: =E81+1 -> 20 | F82: 48.1 | G82: 1.2 | H82: =F82-G82 -> 46.9 | I82: -
A83: RAJANGAN | B83: PAITON P10-5 | C83: Ball Goni | E83: =E82+1 -> 21 | F83: 47.6 | G83: 1.3 | H83: =F83-G83 -> 46.3 | I83: - | K83: kurang
A84: RAJANGAN | B84: PAITON P10-5 | C84: Ball Goni | E84: =E83+1 -> 22 | F84: 47.4 | G84: 1.1 | H84: =F84-G84 -> 46.3 | I84: -
A85: RAJANGAN | B85: PAITON P10-5 | C85: Ball Goni | E85: =E84+1 -> 23 | F85: 45.1 | G85: 1.1 | H85: =F85-G85 -> 44 | I85: -
A86: RAJANGAN | B86: PAITON P10-5 | C86: Ball Goni | E86: =E85+1 -> 24 | F86: 49.6 | G86: 1 | H86: =F86-G86 -> 48.6 | I86: -
A87: RAJANGAN | B87: PAITON P10-5 | C87: Ball Goni | E87: =E86+1 -> 25 | F87: 48.3 | G87: 1 | H87: =F87-G87 -> 47.3 | I87: -
A88: RAJANGAN | B88: PAITON P10-5 | C88: Ball Goni | E88: =E87+1 -> 26 | F88: 48.5 | G88: 1.2 | H88: =F88-G88 -> 47.3 | I88: -
A89: RAJANGAN | B89: PAITON P10-5 | C89: Ball Goni | E89: =E88+1 -> 27 | F89: 48.2 | G89: 1 | H89: =F89-G89 -> 47.2 | I89: -
A90: RAJANGAN | B90: PAITON P10-5 | C90: Ball Goni | E90: =E89+1 -> 28 | F90: 49.4 | G90: 1.1 | H90: =F90-G90 -> 48.3 | I90: -
A91: GRAND TOTAL | E91: =E90 -> 28 | F91: =SUM(F63:F90) -> 1361.8 | G91: =SUM(G63:G90) -> 32.4 | H91: =SUM(H63:H90) -> 1329.4 | K91: =E8-F91 -> 1.2
A93: Separation Result :
A94: Product Type | B94: Origin | C94: Pack Type | E94: Product Qty (Kg) | F94: Bits Stem Qty (Kg) | G94: Dust Qty (Kg) | H94: Uncountable Waste Qty (Kg) | I94: TOTAL Qty (Kg)
A95: RAJANGAN | B95: PAITON P10-5 | C95: Ball Goni | E95: 894.4 | F95: 400.4 | G95: 15.4 | H95: =IF(E95="","",(H91-E95-F95-G95)) -> 19.2 | I95: =IF(E95="","",SUM(E95:H95)) -> 1329.4
A96: PERCENTAGE (YIELD) | E96: =IF(E95="","",E95/$H91) -> 0.67278471 | F96: =IF(F95="","",F95/$H91) -> 0.30118851 | G96: =IF(G95="","",G95/$H91) -> 0.011584173 | H96: =IF(H95="","",H95/$H91) -> 0.014442606 | I96: =IF(I95="","",SUM(E96:H96)) -> 1
A97: Remark :
A98: 1. Gross qty. based on actual weighing during the process.
A99: 2. Tare qty. based on actual weighing during the process.
A100: 3. Uncountable waste qty. based on teoritical calculation.
A101: 4. Percentage Yield based on total Nett. qty actual weighing.
A103: 3. Material Desc : Temanggung
A104: Product Type | B104: Origin | C104: Pack Type | E104: No | F104: Gross (Kg) | G104: Tare (Kg) | H104: Netto ( Kg) | I104: Remark
A105: RAJANGAN | B105: TEMANGGUNG | C105: C-48 | E105: 1 | F105: 91.8 | G105: 15.4 | H105: =F105-G105 -> 76.4 | I105: -
A106: RAJANGAN | B106: TEMANGGUNG | C106: C-48 | E106: =E105+1 -> 2 | F106: 91.8 | G106: 15.7 | H106: =F106-G106 -> 76.1 | I106: -
A107: RAJANGAN | B107: TEMANGGUNG | C107: C-48 | E107: =E106+1 -> 3 | F107: 91.8 | G107: 15.5 | H107: =F107-G107 -> 76.3 | I107: -
A108: RAJANGAN | B108: TEMANGGUNG | C108: C-48 | E108: =E107+1 -> 4 | F108: 91.8 | G108: 15.3 | H108: =F108-G108 -> 76.5 | I108: -
A109: GRAND TOTAL | E109: =E108 -> 4 | F109: =SUM(F105:F108) -> 367.2 | G109: =SUM(G105:G108) -> 61.9 | H109: =SUM(H105:H108) -> 305.3 | K109: =E9-F109 -> 0
A111: Separation Result :
A112: Product Type | B112: Origin | C112: Pack Type | E112: Product Qty (Kg) | F112: Bits Stem Qty (Kg) | G112: Dust Qty (Kg) | H112: Uncountable Waste Qty (Kg) | I112: TOTAL Qty (Kg)
A113: RAJANGAN | B113: TEMANGGUNG | C113: C-48 | E113: 160 | F113: 134.9 | G113: 6.7 | H113: =IF(E113="","",(H109-E113-F113-G113)) -> 3.7 | I113: =IF(E113="","",SUM(E113:H113)) -> 305.3 | L113: 2 KERING SDH JEMUR
A114: PERCENTAGE (YIELD) | E114: =IF(E113="","",E113/$H109) -> 0.52407468 | F114: =IF(F113="","",F113/$H109) -> 0.44186047 | G114: =IF(G113="","",G113/$H109) -> 0.021945627 | H114: =IF(H113="","",H113/$H109) -> 0.012119227 | I114: =IF(I113="","",SUM(E114:H114)) -> 1
A115: Remark :
A116: 1. Gross qty. based on average minus teoritical tare weight
A117: 2. Tare qty. based on actual weighing during the process.
A118: 3. Uncountable waste qty. based on teoritical calculation.
A119: 4. Percentage Yield based on total Nett. qty actual weighing.

Sheet SPR Batch 7
A1: PROCESS CERTIFICATE
A3: DELIVERY NOTE :
A4: Customer | B4: : Bpk. Bimo (PT. Falih Nur Gemilang) | H4: Issued Date : | I4: 46199
A6: Product Type | B6: Origin | C6: Total Pack (Unit) | D6: Pack Type | E6: Gross (Kg) | F6: Tare (Kg) | G6: Netto ( Kg) | H6: Date of Receipt | I6: Delivery Note Number
A7: RAJANGAN | B7: LOMBOK | C7: 41 | D7: Ball Goni | E7: 1892.1 | F7: 65.1 | G7: =E7-F7 -> 1827 | H7: 46188 | I7: -
A8: RAJANGAN | B8: KASTURI | C8: 10 | D8: Ball Goni | E8: 424.6 | F8: 11.1 | G8: =E8-F8 -> 413.5 | H8: 46188 | I8: -
A9: RAJANGAN | B9: TEMANGGUNG | C9: 40 | D9: Sak | E9: 816 | F9: 16 | G9: =E9-F9 -> 800 | H9: 46188 | I9: -
A10: RAJANGAN | B10: Madura | D10: C48 | E10: 784.4 | F10: 122.4 | G10: =E10-F10 -> 662 | H10: 46179 | I10: -
A11: RAJANGAN | B11: Temanggung | D11: Sak | E11: 695.8 | F11: 5.6 | G11: =E11-F11 -> 690.2 | H11: 46179 | I11: -
A13: Remark :
A14: 1. Gross qty. Based on Delivery Note.
A15: 2. Tare qty. Based on actual weighing during the process.
A17: SEPARATION RESULTS REPORT :
A18: 1. Material Desc : LOMBOK
A19: Product Type | B19: Origin | C19: Pack Type | E19: No | F19: Gross (Kg) | G19: Tare (Kg) | H19: Netto ( Kg) | I19: Remark
A20: RAJANGAN | B20: LOMBOK | C20: Ball Goni | E20: 1 | F20: 52 | G20: 1.5 | H20: =F20-G20 -> 50.5 | I20: -
A21: RAJANGAN | B21: LOMBOK | C21: Ball Goni | E21: =E20+1 -> 2 | F21: 48.2 | G21: 1.7 | H21: =F21-G21 -> 46.5 | I21: -
A22: RAJANGAN | B22: LOMBOK | C22: Ball Goni | E22: =E21+1 -> 3 | F22: 50.7 | G22: 1.8 | H22: =F22-G22 -> 48.9 | I22: -
A23: RAJANGAN | B23: LOMBOK | C23: Ball Goni | E23: =E22+1 -> 4 | F23: 48.9 | G23: 1.4 | H23: =F23-G23 -> 47.5 | I23: -
A24: RAJANGAN | B24: LOMBOK | C24: Ball Goni | E24: =E23+1 -> 5 | F24: 43.9 | G24: 1.5 | H24: =F24-G24 -> 42.4 | I24: -
A25: RAJANGAN | B25: LOMBOK | C25: Ball Goni | E25: =E24+1 -> 6 | F25: 51.8 | G25: 1.3 | H25: =F25-G25 -> 50.5 | I25: -
A26: RAJANGAN | B26: LOMBOK | C26: Ball Goni | E26: =E25+1 -> 7 | F26: 43.4 | G26: 1.7 | H26: =F26-G26 -> 41.7 | I26: -
A27: RAJANGAN | B27: LOMBOK | C27: Ball Goni | E27: =E26+1 -> 8 | F27: 41.7 | G27: 1.8 | H27: =F27-G27 -> 39.9 | I27: -
A28: RAJANGAN | B28: LOMBOK | C28: Ball Goni | E28: =E27+1 -> 9 | F28: 42.6 | G28: 1.5 | H28: =F28-G28 -> 41.1 | I28: -
A29: RAJANGAN | B29: LOMBOK | C29: Ball Goni | E29: =E28+1 -> 10 | F29: 40.7 | G29: 1.7 | H29: =F29-G29 -> 39 | I29: -
A30: RAJANGAN | B30: LOMBOK | C30: Ball Goni | E30: =E29+1 -> 11 | F30: 42.9 | G30: 1.9 | H30: =F30-G30 -> 41 | I30: -
A31: RAJANGAN | B31: LOMBOK | C31: Ball Goni | E31: =E30+1 -> 12 | F31: 44.9 | G31: 1.5 | H31: =F31-G31 -> 43.4 | I31: -
A32: RAJANGAN | B32: LOMBOK | C32: Ball Goni | E32: =E31+1 -> 13 | F32: 47.8 | G32: 1.4 | H32: =F32-G32 -> 46.4 | I32: -
... A60: RAJANGAN | B60: LOMBOK | C60: Ball Goni | E60: =E59+1 -> 41 | F60: 46.9 | G60: 1.1 | H60: =F60-G60 -> 45.8 | I60: -
A61: GRAND TOTAL | E61: =E60 -> 41 | F61: =SUM(F20:F60) -> 1891.5 | G61: =SUM(G20:G60) -> 65.1 | H61: =SUM(H20:H60) -> 1826.4 | K61: =E7-F61 -> 0.6
A63: Separation Result :
A64: Product Type | B64: Origin | C64: Pack Type | E64: Product Qty (Kg) | F64: Bits Stem Qty (Kg) | G64: Dust Qty (Kg) | H64: Uncountable Waste Qty (Kg) | I64: TOTAL Qty (Kg)
A65: RAJANGAN | B65: LOMBOK | C65: Ball Goni | E65: 1195.4 | F65: 600.6 | G65: 26.7 | H65: =IF(E65="","",(H61-E65-F65-G65)) -> 3.7 | I65: =IF(E65="","",SUM(E65:H65)) -> 1826.4
A66: PERCENTAGE (YIELD) | E66: =IF(E65="","",E65/$H61) -> 0.65451161 | F66: =IF(F65="","",F65/$H61) -> 0.32884363 | G66: =IF(G65="","",G65/$H61) -> 0.014618922 | H66: =IF(H65="","",H65/$H61) -> 0.0020258432 | I66: =IF(I65="","",SUM(E66:H66)) -> 1
A67: Remark :
A68: 1. Gross qty. based on actual weighing during the process.
A69: 2. Tare qty. based on actual weighing during the process.
A70: 3. Uncountable waste qty. based on teoritical calculation.
A71: 4. Percentage Yield based on total Nett. qty actual weighing.
A73: 2. Material Desc : KASTURI
A74: Product Type | B74: Origin | C74: Pack Type | E74: No | F74: Gross (Kg) | G74: Tare (Kg) | H74: Netto ( Kg) | I74: Remark
A75: RAJANGAN | B75: KASTURI | C75: Ball Goni | E75: 1 | F75: 37.7 | G75: 1 | H75: =F75-G75 -> 36.7 | I75: -
A76: RAJANGAN | B76: KASTURI | C76: Ball Goni | E76: =E75+1 -> 2 | F76: 47 | G76: 1 | H76: =F76-G76 -> 46 | I76: -
A77: RAJANGAN | B77: KASTURI | C77: Ball Goni | E77: =E76+1 -> 3 | F77: 43.6 | G77: 1.1 | H77: =F77-G77 -> 42.5 | I77: -
A78: RAJANGAN | B78: KASTURI | C78: Ball Goni | E78: =E77+1 -> 4 | F78: 43.9 | G78: 1.3 | H78: =F78-G78 -> 42.6 | I78: -
A79: RAJANGAN | B79: KASTURI | C79: Ball Goni | E79: =E78+1 -> 5 | F79: 42.2 | G79: 1.1 | H79: =F79-G79 -> 41.1 | I79: -
A80: RAJANGAN | B80: KASTURI | C80: Ball Goni | E80: =E79+1 -> 6 | F80: 42.5 | G80: 1.2 | H80: =F80-G80 -> 41.3 | I80: -
A81: RAJANGAN | B81: KASTURI | C81: Ball Goni | E81: =E80+1 -> 7 | F81: 39.7 | G81: 1.1 | H81: =F81-G81 -> 38.6 | I81: -
A82: RAJANGAN | B82: KASTURI | C82: Ball Goni | E82: =E81+1 -> 8 | F82: 44 | G82: 1 | H82: =F82-G82 -> 43 | I82: -
A83: RAJANGAN | B83: KASTURI | C83: Ball Goni | E83: =E82+1 -> 9 | F83: 41.9 | G83: 1.1 | H83: =F83-G83 -> 40.8 | I83: -
A84: RAJANGAN | B84: KASTURI | C84: Ball Goni | E84: =E83+1 -> 10 | F84: 43.1 | G84: 1.2 | H84: =F84-G84 -> 41.9 | I84: -
A85: GRAND TOTAL | E85: =E84 -> 10 | F85: =SUM(F75:F84) -> 425.6 | G85: =SUM(G75:G84) -> 11.1 | H85: =SUM(H75:H84) -> 414.5 | K85: =E8-F85 -> -1
A87: Separation Result :
A88: Product Type | B88: Origin | C88: Pack Type | E88: Product Qty (Kg) | F88: Bits Stem Qty (Kg) | G88: Dust Qty (Kg) | H88: Uncountable Waste Qty (Kg) | I88: TOTAL Qty (Kg)
A89: RAJANGAN | B89: =B84 -> KASTURI | C89: Ball Goni | E89: 251.9 | F89: 150.5 | G89: 9.2 | H89: =IF(E89="","",(H85-E89-F89-G89)) -> 2.9 | I89: =IF(E89="","",SUM(E89:H89)) -> 414.5
A90: PERCENTAGE (YIELD) | E90: =IF(E89="","",E89/$H85) -> 0.60772014 | F90: =IF(F89="","",F89/$H85) -> 0.36308806 | G90: =IF(G89="","",G89/$H85) -> 0.022195416 | H90: =IF(H89="","",H89/$H85) -> 0.0069963812 | I90: =IF(I89="","",SUM(E90:H90)) -> 1
A91: Remark :
A92: 1. Gross qty. based on actual weighing during the process.
A93: 2. Tare qty. based on actual weighing during the process.
A94: 3. Uncountable waste qty. based on teoritical calculation.
A95: 4. Percentage Yield based on total Nett. qty actual weighing.
A97: 3. Material Desc : Temanggung
A98: Product Type | B98: Origin | C98: Pack Type | E98: No | F98: Gross (Kg) | G98: Tare (Kg) | H98: Netto ( Kg) | I98: Remark
A99: RAJANGAN | B99: TEMANGGUNG | C99: Sak | E99: 1 | F99: 20.4 | G99: 0.4 | H99: =F99-G99 -> 20 | I99: -
A100: RAJANGAN | B100: TEMANGGUNG | C100: Sak | E100: =E99+1 -> 2 | F100: 20.4 | G100: 0.4 | H100: =F100-G100 -> 20 | I100: -
A101: RAJANGAN | B101: TEMANGGUNG | C101: Sak | E101: =E100+1 -> 3 | F101: 20.4 | G101: 0.4 | H101: =F101-G101 -> 20 | I101: -
A102: RAJANGAN | B102: TEMANGGUNG | C102: Sak | E102: =E101+1 -> 4 | F102: 20.4 | G102: 0.4 | H102: =F102-G102 -> 20 | I102: -
A103: RAJANGAN | B103: TEMANGGUNG | C103: Sak | E103: =E102+1 -> 5 | F103: 20.4 | G103: 0.4 | H103: =F103-G103 -> 20 | I103: -
A104: RAJANGAN | B104: TEMANGGUNG | C104: Sak | E104: =E103+1 -> 6 | F104: 20.4 | G104: 0.4 | H104: =F104-G104 -> 20 | I104: -
A105: RAJANGAN | B105: TEMANGGUNG | C105: Sak | E105: =E104+1 -> 7 | F105: 20.4 | G105: 0.4 | H105: =F105-G105 -> 20 | I105: -
A106: RAJANGAN | B106: TEMANGGUNG | C106: Sak | E106: =E105+1 -> 8 | F106: 20.4 | G106: 0.4 | H106: =F106-G106 -> 20 | I106: -
A107: RAJANGAN | B107: TEMANGGUNG | C107: Sak | E107: =E106+1 -> 9 | F107: 20.4 | G107: 0.4 | H107: =F107-G107 -> 20 | I107: -
A108: RAJANGAN | B108: TEMANGGUNG | C108: Sak | E108: =E107+1 -> 10 | F108: 20.4 | G108: 0.4 | H108: =F108-G108 -> 20 | I108: -
A109: RAJANGAN | B109: TEMANGGUNG | C109: Sak | E109: =E108+1 -> 11 | F109: 20.4 | G109: 0.4 | H109: =F109-G109 -> 20 | I109: -
A110: RAJANGAN | B110: TEMANGGUNG | C110: Sak | E110: =E109+1 -> 12 | F110: 20.4 | G110: 0.4 | H110: =F110-G110 -> 20 | I110: -
A111: RAJANGAN | B111: TEMANGGUNG | C111: Sak | E111: =E110+1 -> 13 | F111: 20.4 | G111: 0.4 | H111: =F111-G111 -> 20 | I111: -
... A138: RAJANGAN | B138: TEMANGGUNG | C138: Sak | E138: =E137+1 -> 40 | F138: 20.4 | G138: 0.4 | H138: =F138-G138 -> 20 | I138: -
A139: GRAND TOTAL | E139: =E138 -> 40 | F139: =SUM(F99:F138) -> 816 | G139: =SUM(G99:G138) -> 16 | H139: =SUM(H99:H138) -> 800 | K139: =E9-F139 -> 0
A141: Separation Result :
A142: Product Type | B142: Origin | C142: Pack Type | E142: Product Qty (Kg) | F142: Bits Stem Qty (Kg) | G142: Dust Qty (Kg) | H142: Uncountable Waste Qty (Kg) | I142: TOTAL Qty (Kg)
A143: RAJANGAN | B143: TEMANGGUNG | C143: Sak | E143: =396+30.3 -> 426.3 | F143: 349.6 | G143: 17.8 | H143: =IF(E143="","",(H139-E143-F143-G143)) -> 6.3 | I143: =IF(E143="","",SUM(E143:H143)) -> 800 | K143: JEMUR BASAH (KONFIRMASI VIAN)
A144: PERCENTAGE (YIELD) | E144: =IF(E143="","",E143/$H139) -> 0.532875 | F144: =IF(F143="","",F143/$H139) -> 0.437 | G144: =IF(G143="","",G143/$H139) -> 0.02225 | H144: =IF(H143="","",H143/$H139) -> 0.007875 | I144: =IF(I143="","",SUM(E144:H144)) -> 1
A145: Remark :
A146: 1. Gross qty. based on actual weighing during the process.
A147: 2. Tare qty. based on actual weighing during the process.
A148: 3. Uncountable waste qty. based on teoritical calculation.
A149: 4. Percentage Yield based on total Nett. qty actual weighing.

Sheet SPR Batch8
A1: PROCESS CERTIFICATE
A3: DELIVERY NOTE :
A4: Customer | B4: : Bpk. Bimo (PT. Falih Nur Gemilang) | H4: Issued Date : | I4: 46205
A6: Product Type | B6: Origin | C6: Total Pack (Unit) | D6: Pack Type | E6: Gross (Kg) | F6: Tare (Kg) | G6: Netto ( Kg) | H6: Date of Receipt | I6: Delivery Note Number
A7: RAJANGAN | B7: LOMBOK'24 | C7: 23 | D7: Ball Goni | E7: 1055.6 | F7: =G43 -> 35.2 | G7: =E7-F7 -> 1020.4 | H7: 46190 | I7: -
A8: RAJANGAN | B8: PAITON P10 | C8: 11 | D8: Ball Goni | E8: 541.6 | F8: =G68 -> 13.5 | G8: =E8-F8 -> 528.1 | H8: 46190 | I8: -
A9: RAJANGAN | B9: MADURA '25 | C9: 11 | D9: Ball Goni | E9: 545.7 | F9: =G92 -> 18.9 | G9: =E9-F9 -> 526.8 | H9: 46190 | I9: -
A10: RAJANGAN | B10: TEMANGGUNG | C10: 4 | D10: C48 | E10: 463.6 | F10: =G109 -> 55.5 | G10: =E10-F10 -> 408.1 | H10: 46190 | I10: -
A11: RAJANGAN | B11: KASTURI | C11: 13 | D11: Ball Goni | E11: 540.7 | F11: =G135 -> 17.9 | G11: =E11-F11 -> 522.8 | H11: 46190 | I11: -
A13: Remark :
A14: 1. Gross qty. Based on Delivery Note.
A15: 2. Tare qty. Based on actual weighing during the process.
A17: SEPARATION RESULTS REPORT :
A18: 1. Material Desc. | B18: : LOMBOK '24
A19: Product Type | B19: Origin | C19: Pack Type | E19: No | F19: Gross (Kg) | G19: Tare (Kg) | H19: Netto ( Kg) | I19: Remark
A20: RAJANGAN | B20: LOMBOK '24 | C20: Ball Goni | E20: 1 | F20: 49.1 | G20: 1.4 | H20: =F20-G20 -> 47.7 | I20: -
A21: RAJANGAN | B21: LOMBOK '24 | C21: Ball Goni | E21: =E20+1 -> 2 | F21: 42.7 | G21: 1.3 | H21: =F21-G21 -> 41.4 | I21: -
A22: RAJANGAN | B22: LOMBOK '24 | C22: Ball Goni | E22: =E21+1 -> 3 | F22: 40.6 | G22: 1.8 | H22: =F22-G22 -> 38.8 | I22: -
A23: RAJANGAN | B23: LOMBOK '24 | C23: Ball Goni | E23: =E22+1 -> 4 | F23: 47.5 | G23: 1.4 | H23: =F23-G23 -> 46.1 | I23: -
A24: RAJANGAN | B24: LOMBOK '24 | C24: Ball Goni | E24: =E23+1 -> 5 | F24: 47.7 | G24: 2.1 | H24: =F24-G24 -> 45.6 | I24: -
A25: RAJANGAN | B25: LOMBOK '24 | C25: Ball Goni | E25: =E24+1 -> 6 | F25: 47.4 | G25: 1.4 | H25: =F25-G25 -> 46 | I25: -
A26: RAJANGAN | B26: LOMBOK '24 | C26: Ball Goni | E26: =E25+1 -> 7 | F26: 53.9 | G26: 1.3 | H26: =F26-G26 -> 52.6 | I26: -
A27: RAJANGAN | B27: LOMBOK '24 | C27: Ball Goni | E27: =E26+1 -> 8 | F27: 48.8 | G27: 1.7 | H27: =F27-G27 -> 47.1 | I27: -
A28: RAJANGAN | B28: LOMBOK '24 | C28: Ball Goni | E28: =E27+1 -> 9 | F28: 45.1 | G28: 1.3 | H28: =F28-G28 -> 43.8 | I28: -
A29: RAJANGAN | B29: LOMBOK '24 | C29: Ball Goni | E29: =E28+1 -> 10 | F29: 37.2 | G29: 1.4 | H29: =F29-G29 -> 35.8 | I29: -
A30: RAJANGAN | B30: LOMBOK '24 | C30: Ball Goni | E30: =E29+1 -> 11 | F30: 42.1 | G30: 1.4 | H30: =F30-G30 -> 40.7 | I30: -
A31: RAJANGAN | B31: LOMBOK '24 | C31: Ball Goni | E31: =E30+1 -> 12 | F31: 49.1 | G31: 1.5 | H31: =F31-G31 -> 47.6 | I31: -
A32: RAJANGAN | B32: LOMBOK '24 | C32: Ball Goni | E32: =E31+1 -> 13 | F32: 45.5 | G32: 1.5 | H32: =F32-G32 -> 44 | I32: -
... A42: RAJANGAN | B42: LOMBOK '24 | C42: Ball Goni | E42: =E41+1 -> 23 | F42: 52.5 | G42: 1.8 | H42: =F42-G42 -> 50.7 | I42: -
A43: GRAND TOTAL | E43: =E42 -> 23 | F43: =SUM(F20:F42) -> 1085.8 | G43: =SUM(G20:G42) -> 35.2 | H43: =SUM(H20:H42) -> 1050.6
A45: Separation Result :
A46: Product Type | B46: Origin | C46: Pack Type | E46: Product Qty (Kg) | F46: Bits Stem Qty (Kg) | G46: Dust Qty (Kg) | H46: Uncountable Waste Qty (Kg) | I46: TOTAL Qty (Kg)
A47: RAJANGAN | B47: =B42 -> LOMBOK '24 | C47: Ball Goni | E47: 758.3 | F47: 263.6 | G47: 15.4 | H47: =IF(E47="","",(H43-E47-F47-G47)) -> 13.3 | I47: =IF(E47="","",SUM(E47:H47)) -> 1050.6
A48: PERCENTAGE (YIELD) | E48: =IF(E47="","",E47/$H43) -> 0.72177803 | F48: =IF(F47="","",F47/$H43) -> 0.25090425 | G48: =IF(G47="","",G47/$H43) -> 0.014658291 | H48: =IF(H47="","",H47/$H43) -> 0.012659433 | I48: =IF(I47="","",SUM(E48:H48)) -> 1
A49: Remark :
A50: 1. Gross qty. based on actual weighing during the process.
A51: 2. Tare qty. based on actual weighing during the process.
A52: 3. Uncountable waste qty. based on teoritical calculation.
A53: 4. Percentage Yield based on total Nett. qty actual weighing.
A55: 2. Material Desc. | B55: : PAITON P10
A56: Product Type | B56: Origin | C56: Pack Type | E56: No | F56: Gross (Kg) | G56: Tare (Kg) | H56: Netto ( Kg) | I56: Remark
A57: RAJANGAN | B57: PAITON P10 | C57: Ball Goni | E57: 1 | F57: 45 | G57: 1.7 | H57: =F57-G57 -> 43.3 | I57: -
A58: RAJANGAN | B58: PAITON P10 | C58: Ball Goni | E58: =E57+1 -> 2 | F58: 49.1 | G58: 1.4 | H58: =F58-G58 -> 47.7 | I58: -
A59: RAJANGAN | B59: PAITON P10 | C59: Ball Goni | E59: =E58+1 -> 3 | F59: 51.8 | G59: 1.2 | H59: =F59-G59 -> 50.6 | I59: -
A60: RAJANGAN | B60: PAITON P10 | C60: Ball Goni | E60: =E59+1 -> 4 | F60: 49.2 | G60: 1.1 | H60: =F60-G60 -> 48.1 | I60: -
A61: RAJANGAN | B61: PAITON P10 | C61: Ball Goni | E61: =E60+1 -> 5 | F61: 46.1 | G61: 1.1 | H61: =F61-G61 -> 45 | I61: -
A62: RAJANGAN | B62: PAITON P10 | C62: Ball Goni | E62: =E61+1 -> 6 | F62: 48 | G62: 1.2 | H62: =F62-G62 -> 46.8 | I62: -
A63: RAJANGAN | B63: PAITON P10 | C63: Ball Goni | E63: =E62+1 -> 7 | F63: 52 | G63: 1.3 | H63: =F63-G63 -> 50.7 | I63: -
A64: RAJANGAN | B64: PAITON P10 | C64: Ball Goni | E64: =E63+1 -> 8 | F64: 50.2 | G64: 1 | H64: =F64-G64 -> 49.2 | I64: -
A65: RAJANGAN | B65: PAITON P10 | C65: Ball Goni | E65: =E64+1 -> 9 | F65: 50.5 | G65: 1 | H65: =F65-G65 -> 49.5 | I65: -
A66: RAJANGAN | B66: PAITON P10 | C66: Ball Goni | E66: =E65+1 -> 10 | F66: 50 | G66: 1.2 | H66: =F66-G66 -> 48.8 | I66: -
A67: RAJANGAN | B67: PAITON P10 | C67: Ball Goni | E67: =E66+1 -> 11 | F67: 50.6 | G67: 1.3 | H67: =F67-G67 -> 49.3 | I67: -
A68: GRAND TOTAL | E68: =E67 -> 11 | F68: =SUM(F57:F67) -> 542.5 | G68: =SUM(G57:G67) -> 13.5 | H68: =SUM(H57:H67) -> 529
A70: Separation Result :
A71: Product Type | B71: Origin | C71: Pack Type | E71: Product Qty (Kg) | F71: Bits Stem Qty (Kg) | G71: Dust Qty (Kg) | H71: Uncountable Waste Qty (Kg) | I71: TOTAL Qty (Kg)
A72: RAJANGAN | B72: PAITON P10-5 | C72: Ball Goni | E72: 445.7 | F72: 75.1 | G72: 7.5 | H72: =IF(E72="","",(H68-E72-F72-G72)) -> 0.7 | I72: =IF(E72="","",SUM(E72:H72)) -> 529
A73: PERCENTAGE (YIELD) | E73: =IF(E72="","",E72/$H68) -> 0.84253308 | F73: =IF(F72="","",F72/$H68) -> 0.14196597 | G73: =IF(G72="","",G72/$H68) -> 0.014177694 | H73: =IF(H72="","",H72/$H68) -> 0.0013232514 | I73: =IF(I72="","",SUM(E73:H73)) -> 1
A74: Remark :
A75: 1. Gross qty. based on actual weighing during the process.
A76: 2. Tare qty. based on actual weighing during the process.
A77: 3. Uncountable waste qty. based on teoritical calculation.
A78: 4. Percentage Yield based on total Nett. qty actual weighing.
A79: 3. Material Desc. | B79: : MADURA'25
A80: Product Type | B80: Origin | C80: Pack Type | E80: No | F80: Gross (Kg) | G80: Tare (Kg) | H80: Netto ( Kg) | I80: Remark
A81: RAJANGAN | B81: MADURA'25 | C81: Ball Goni | E81: 1 | F81: 51 | G81: 1.7 | H81: =F81-G81 -> 49.3 | I81: -
A82: RAJANGAN | B82: MADURA'25 | C82: Ball Goni | E82: =E81+1 -> 2 | F82: 48.4 | G82: 1.8 | H82: =F82-G82 -> 46.6 | I82: -
A83: RAJANGAN | B83: MADURA'25 | C83: Ball Goni | E83: =E82+1 -> 3 | F83: 45.7 | G83: 1.7 | H83: =F83-G83 -> 44 | I83: -
A84: RAJANGAN | B84: MADURA'25 | C84: Ball Goni | E84: =E83+1 -> 4 | F84: 51.7 | G84: 1.8 | H84: =F84-G84 -> 49.9 | I84: -
A85: RAJANGAN | B85: MADURA'25 | C85: Ball Goni | E85: =E84+1 -> 5 | F85: 51.4 | G85: 1.7 | H85: =F85-G85 -> 49.7 | I85: -
A86: RAJANGAN | B86: MADURA'25 | C86: Ball Goni | E86: =E85+1 -> 6 | F86: 50.6 | G86: 1.5 | H86: =F86-G86 -> 49.1 | I86: -
A87: RAJANGAN | B87: MADURA'25 | C87: Ball Goni | E87: =E86+1 -> 7 | F87: 51.4 | G87: 1.7 | H87: =F87-G87 -> 49.7 | I87: -
A88: RAJANGAN | B88: MADURA'25 | C88: Ball Goni | E88: =E87+1 -> 8 | F88: 47.6 | G88: 1.8 | H88: =F88-G88 -> 45.8 | I88: -
A89: RAJANGAN | B89: MADURA'25 | C89: Ball Goni | E89: =E88+1 -> 9 | F89: 50.7 | G89: 1.8 | H89: =F89-G89 -> 48.9 | I89: -
A90: RAJANGAN | B90: MADURA'25 | C90: Ball Goni | E90: =E89+1 -> 10 | F90: 48 | G90: 1.8 | H90: =F90-G90 -> 46.2 | I90: -
A91: RAJANGAN | B91: MADURA'25 | C91: Ball Goni | E91: =E90+1 -> 11 | F91: 43.3 | G91: 1.6 | H91: =F91-G91 -> 41.7 | I91: -
A92: GRAND TOTAL | E92: =E91 -> 11 | F92: =SUM(F81:F91) -> 539.8 | G92: =SUM(G81:G91) -> 18.9 | H92: =SUM(H81:H91) -> 520.9
A94: Separation Result :
A95: Product Type | B95: Origin | C95: Pack Type | E95: Product Qty (Kg) | F95: Bits Stem Qty (Kg) | G95: Dust Qty (Kg) | H95: Uncountable Waste Qty (Kg) | I95: TOTAL Qty (Kg)
A96: RAJANGAN | B96: =B91 -> MADURA'25 | C96: Ball Goni | E96: 397.3 | F96: 115.2 | G96: 7.9 | H96: =IF(E96="","",(H92-E96-F96-G96)) -> 0.5 | I96: =IF(E96="","",SUM(E96:H96)) -> 520.9
A97: PERCENTAGE (YIELD) | E97: =IF(E96="","",E96/$H92) -> 0.76271837 | F97: =IF(F96="","",F96/$H92) -> 0.22115569 | G97: =IF(G96="","",G96/$H92) -> 0.015166059 | H97: =IF(H96="","",H96/$H92) -> 0.00095987714 | I97: =IF(I96="","",SUM(E97:H97)) -> 1
A98: Remark :
A99: 1. Gross qty. based on actual weighing during the process.
A100: 2. Tare qty. based on actual weighing during the process.
A101: 3. Uncountable waste qty. based on teoritical calculation.
A102: 4. Percentage Yield based on total Nett. qty actual weighing.
A103: 4. Material Desc. | B103: : TEMANGGUNG
A104: Product Type | B104: Origin | C104: Pack Type | E104: No | F104: Gross (Kg) | G104: Tare (Kg) | H104: Netto ( Kg) | I104: Remark
A105: RAJANGAN | B105: TEMANGGUNG | C105: C48 | E105: 1 | F105: 115.9 | G105: 13.6 | H105: =F105-G105 -> 102.3 | I105: -
A106: RAJANGAN | B106: TEMANGGUNG | C106: C48 | E106: =E105+1 -> 2 | F106: 115.9 | G106: 14.1 | H106: =F106-G106 -> 101.8 | I106: -
A107: RAJANGAN | B107: TEMANGGUNG | C107: C48 | E107: =E106+1 -> 3 | F107: 115.9 | G107: 13.2 | H107: =F107-G107 -> 102.7 | I107: -
A108: RAJANGAN | B108: TEMANGGUNG | C108: C48 | E108: =E107+1 -> 4 | F108: 115.9 | G108: 14.6 | H108: =F108-G108 -> 101.3 | I108: -
A109: GRAND TOTAL | E109: =E108 -> 4 | F109: =SUM(F105:F108) -> 463.6 | G109: =SUM(G105:G108) -> 55.5 | H109: =SUM(H105:H108) -> 408.1
A111: Separation Result :
A112: Product Type | B112: Origin | C112: Pack Type | E112: Product Qty (Kg) | F112: Bits Stem Qty (Kg) | G112: Dust Qty (Kg) | H112: Uncountable Waste Qty (Kg) | I112: TOTAL Qty (Kg)
A113: RAJANGAN | B113: TEMANGGUNG | C113: C48 | E113: 204 | F113: 188.9 | G113: 9.6 | H113: =IF(E113="","",(H109-E113-F113-G113)) -> 5.6 | I113: =IF(E113="","",SUM(E113:H113)) -> 408.1
A114: PERCENTAGE (YIELD) | E114: =IF(E113="","",E113/$H109) -> 0.49987748 | F114: =IF(F113="","",F113/$H109) -> 0.46287675 | G114: =IF(G113="","",G113/$H109) -> 0.023523646 | H114: =IF(H113="","",H113/$H109) -> 0.013722127 | I114: =IF(I113="","",SUM(E114:H114)) -> 1
A115: Remark :
A116: 1. Gross qty. based on average minus teoritical tare weight
A117: 2. Tare qty. based on actual weighing during the process.
A118: 3. Uncountable waste qty. based on teoritical calculation.
...

Sheet SPR Batch9
A1: PROCESS CERTIFICATE
A3: DELIVERY NOTE :
A4: Customer | B4: : Bpk. Bimo (PT. Falih Nur Gemilang) | H4: Issued Date : | I4: 46204
A6: Product Type | B6: Origin | C6: Total Pack (Unit) | D6: Pack Type | E6: Gross (Kg) | F6: Tare (Kg) | G6: Netto ( Kg) | H6: Date of Receipt | I6: Delivery Note Number
A7: RAJANGAN | B7: LOMBOK'24 | C7: 30 | D7: Ball Goni | E7: 1408.6 | F7: 44.2 | G7: =E7-F7 -> 1364.4 | H7: 46191 | I7: -
A8: RAJANGAN | B8: TEMANGGUNG | C8: 8 | D8: C48 | E8: 1066.5 | F8: =G71 -> 122.2 | G8: =E8-F8 -> 944.3 | H8: 46191 | I8: -
A9: RAJANGAN | B9: MADURA '25 | C9: 15 | D9: Ball Goni | E9: 732.1 | F9: 18.4 | G9: =E9-F9 -> 713.7 | H9: 46191 | I9: -
A10: RAJANGAN | B10: MADURA '25 | C10: 5 | D10: Karung Sak | E10: 68.6 | F10: 1.5 | G10: =E10-F10 -> 67.1 | H10: 46191 | I10: -
A12: Remark :
A13: 1. Gross qty. Based on Delivery Note.
A14: 2. Tare qty. Based on actual weighing during the process.
A16: SEPARATION RESULTS REPORT :
A17: 1. Material Desc. | B17: : LOMBOK '24
A18: Product Type | B18: Origin | C18: Pack Type | E18: No | F18: Gross (Kg) | G18: Tare (Kg) | H18: Netto ( Kg) | I18: Remark
A19: RAJANGAN | B19: LOMBOK '24 | C19: Ball Goni | E19: 1 | F19: 41.5 | G19: 1.5 | H19: =F19-G19 -> 40 | I19: -
A20: RAJANGAN | B20: LOMBOK '24 | C20: Ball Goni | E20: =E19+1 -> 2 | F20: 45.7 | G20: 1.3 | H20: =F20-G20 -> 44.4 | I20: -
A21: RAJANGAN | B21: LOMBOK '24 | C21: Ball Goni | E21: =E20+1 -> 3 | F21: 52.8 | G21: 1.3 | H21: =F21-G21 -> 51.5 | I21: -
A22: RAJANGAN | B22: LOMBOK '24 | C22: Ball Goni | E22: =E21+1 -> 4 | F22: 47.6 | G22: 1.7 | H22: =F22-G22 -> 45.9 | I22: -
A23: RAJANGAN | B23: LOMBOK '24 | C23: Ball Goni | E23: =E22+1 -> 5 | F23: 44.9 | G23: 1.7 | H23: =F23-G23 -> 43.2 | I23: -
A24: RAJANGAN | B24: LOMBOK '24 | C24: Ball Goni | E24: =E23+1 -> 6 | F24: 49.2 | G24: 1.5 | H24: =F24-G24 -> 47.7 | I24: -
A25: RAJANGAN | B25: LOMBOK '24 | C25: Ball Goni | E25: =E24+1 -> 7 | F25: 49.7 | G25: 1.5 | H25: =F25-G25 -> 48.2 | I25: -
A26: RAJANGAN | B26: LOMBOK '24 | C26: Ball Goni | E26: =E25+1 -> 8 | F26: 49.8 | G26: 1.3 | H26: =F26-G26 -> 48.5 | I26: -
A27: RAJANGAN | B27: LOMBOK '24 | C27: Ball Goni | E27: =E26+1 -> 9 | F27: 46.8 | G27: 1.6 | H27: =F27-G27 -> 45.2 | I27: -
A28: RAJANGAN | B28: LOMBOK '24 | C28: Ball Goni | E28: =E27+1 -> 10 | F28: 46.7 | G28: 1.4 | H28: =F28-G28 -> 45.3 | I28: -
A29: RAJANGAN | B29: LOMBOK '24 | C29: Ball Goni | E29: =E28+1 -> 11 | F29: 48.6 | G29: 1.5 | H29: =F29-G29 -> 47.1 | I29: -
A30: RAJANGAN | B30: LOMBOK '24 | C30: Ball Goni | E30: =E29+1 -> 12 | F30: 49 | G30: 1.4 | H30: =F30-G30 -> 47.6 | I30: -
A31: RAJANGAN | B31: LOMBOK '24 | C31: Ball Goni | E31: =E30+1 -> 13 | F31: 46.1 | G31: 1.5 | H31: =F31-G31 -> 44.6 | I31: -
... A48: RAJANGAN | B48: LOMBOK '24 | C48: Ball Goni | E48: =E47+1 -> 30 | F48: 48.7 | G48: 1.7 | H48: =F48-G48 -> 47 | I48: -
A49: GRAND TOTAL | E49: =E48 -> 30 | F49: =SUM(F19:F48) -> 1413.4 | G49: =SUM(G19:G48) -> 44.2 | H49: =SUM(H19:H48) -> 1369.2 | K49: =E7-F49 -> -4.8
A51: Separation Result :
A52: Product Type | B52: Origin | C52: Pack Type | E52: Product Qty (Kg) | F52: Bits Stem Qty (Kg) | G52: Dust Qty (Kg) | H52: Uncountable Waste Qty (Kg) | I52: TOTAL Qty (Kg)
A53: RAJANGAN | B53: =B48 -> LOMBOK '24 | C53: Ball Goni | E53: 1007 | F53: 467.9 | G53: 16.4 | H53: =IF(E53="","",(H49-E53-F53-G53)) -> -122.1 | I53: =IF(E53="","",SUM(E53:H53)) -> 1369.2 | K53: =1007-E53 -> 0 | L53: =342.9+125 -> 467.9
A54: PERCENTAGE (YIELD) | E54: =IF(E53="","",E53/$H49) -> 0.73546597 | F54: =IF(F53="","",F53/$H49) -> 0.3417324 | G54: =IF(G53="","",G53/$H49) -> 0.011977797 | H54: =IF(H53="","",H53/$H49) -> -0.089176161 | I54: =IF(I53="","",SUM(E54:H54)) -> 1
A55: Remark :
A56: 1. Gross qty. based on actual weighing during the process.
A57: 2. Tare qty. based on actual weighing during the process.
A58: 3. Uncountable waste qty. based on teoritical calculation.
A59: 4. Percentage Yield based on total Nett. qty actual weighing.
A61: 2. Material Desc. | B61: : TEMANGGUNG
A62: Product Type | B62: Origin | C62: Pack Type | E62: No | F62: Gross (Kg) | G62: Tare (Kg) | H62: Netto ( Kg) | I62: Remark
A63: RAJANGAN | B63: TEMANGGUNG | C63: C48 | E63: 1 | F63: 133.3 | G63: 15.7 | H63: =F63-G63 -> 117.6 | I63: -
A64: RAJANGAN | B64: TEMANGGUNG | C64: C48 | E64: =E63+1 -> 2 | F64: 133.3 | G64: 15.5 | H64: =F64-G64 -> 117.8 | I64: -
A65: RAJANGAN | B65: TEMANGGUNG | C65: C48 | E65: =E64+1 -> 3 | F65: 133.3 | G65: 15.8 | H65: =F65-G65 -> 117.5 | I65: -
A66: RAJANGAN | B66: TEMANGGUNG | C66: C48 | E66: =E65+1 -> 4 | F66: 133.3 | G66: 14.3 | H66: =F66-G66 -> 119 | I66: -
A67: RAJANGAN | B67: TEMANGGUNG | C67: C48 | E67: =E66+1 -> 5 | F67: 133.3 | G67: 14.9 | H67: =F67-G67 -> 118.4 | I67: -
A68: RAJANGAN | B68: TEMANGGUNG | C68: C48 | E68: =E67+1 -> 6 | F68: 133.3 | G68: 14.7 | H68: =F68-G68 -> 118.6 | I68: -
A69: RAJANGAN | B69: TEMANGGUNG | C69: C48 | E69: =E68+1 -> 7 | F69: 133.3 | G69: 15.8 | H69: =F69-G69 -> 117.5 | I69: -
A70: RAJANGAN | B70: TEMANGGUNG | C70: C48 | E70: =E69+1 -> 8 | F70: 133.3 | G70: 15.5 | H70: =F70-G70 -> 117.8 | I70: -
A71: GRAND TOTAL | E71: =E70 -> 8 | F71: =SUM(F63:F70) -> 1066.4 | G71: =SUM(G63:G70) -> 122.2 | H71: =SUM(H63:H70) -> 944.2
A73: Separation Result :
A74: Product Type | B74: Origin | C74: Pack Type | E74: Product Qty (Kg) | F74: Bits Stem Qty (Kg) | G74: Dust Qty (Kg) | H74: Uncountable Waste Qty (Kg) | I74: TOTAL Qty (Kg)
A75: RAJANGAN | B75: =B70 -> TEMANGGUNG | C75: =C70 -> C48 | E75: 418 | F75: 492.9 | G75: 19.6 | H75: =IF(E75="","",(H71-E75-F75-G75)) -> 13.7 | I75: =IF(E75="","",SUM(E75:H75)) -> 944.2 | K75: BASAH
A76: PERCENTAGE (YIELD) | E76: =IF(E75="","",E75/$H71) -> 0.44270282 | F76: =IF(F75="","",F75/$H71) -> 0.52202923 | G76: =IF(G75="","",G75/$H71) -> 0.020758314 | H76: =IF(H75="","",H75/$H71) -> 0.014509638 | I76: =IF(I75="","",SUM(E76:H76)) -> 1
A77: Remark :
A78: 1. Gross qty. based on average minus teoritical tare weight
A79: 2. Tare qty. based on actual weighing during the process.
A80: 3. Uncountable waste qty. based on teoritical calculation.
A81: 4. Percentage Yield based on total Nett. qty actual weighing.
A83: 3. Material Desc. | B83: : MADURA'25
A84: Product Type | B84: Origin | C84: Pack Type | E84: No | F84: Gross (Kg) | G84: Tare (Kg) | H84: Netto ( Kg) | I84: Remark
A85: RAJANGAN | B85: MADURA '25 | C85: Ball Goni | E85: 1 | F85: 49.1 | G85: 1.3 | H85: =F85-G85 -> 47.8 | I85: -
A86: RAJANGAN | B86: MADURA '25 | C86: Ball Goni | E86: =E85+1 -> 2 | F86: 48.8 | G86: 1.5 | H86: =F86-G86 -> 47.3 | I86: -
A87: RAJANGAN | B87: MADURA '25 | C87: Ball Goni | E87: =E86+1 -> 3 | F87: 47.5 | G87: 1.8 | H87: =F87-G87 -> 45.7 | I87: -
A88: RAJANGAN | B88: MADURA '25 | C88: Ball Goni | E88: =E87+1 -> 4 | F88: 55.7 | G88: 1.1 | H88: =F88-G88 -> 54.6 | I88: -
A89: RAJANGAN | B89: MADURA '25 | C89: Ball Goni | E89: =E88+1 -> 5 | F89: 50.6 | G89: 1.4 | H89: =F89-G89 -> 49.2 | I89: -
A90: RAJANGAN | B90: MADURA '25 | C90: Ball Goni | E90: =E89+1 -> 6 | F90: 53.7 | G90: 1.3 | H90: =F90-G90 -> 52.4 | I90: -
A91: RAJANGAN | B91: MADURA '25 | C91: Ball Goni | E91: =E90+1 -> 7 | F91: 51.8 | G91: 1 | H91: =F91-G91 -> 50.8 | I91: -
A92: RAJANGAN | B92: MADURA '25 | C92: Ball Goni | E92: =E91+1 -> 8 | F92: 48.8 | G92: 1 | H92: =F92-G92 -> 47.8 | I92: -
A93: RAJANGAN | B93: MADURA '25 | C93: Ball Goni | E93: =E92+1 -> 9 | F93: 50.1 | G93: 1.1 | H93: =F93-G93 -> 49 | I93: -
A94: RAJANGAN | B94: MADURA '25 | C94: Ball Goni | E94: =E93+1 -> 10 | F94: 48.9 | G94: 1.1 | H94: =F94-G94 -> 47.8 | I94: -
A95: RAJANGAN | B95: MADURA '25 | C95: Ball Goni | E95: =E94+1 -> 11 | F95: 46.8 | G95: 1.2 | H95: =F95-G95 -> 45.6 | I95: -
A96: RAJANGAN | B96: MADURA '25 | C96: Ball Goni | E96: =E95+1 -> 12 | F96: 49.8 | G96: 1.1 | H96: =F96-G96 -> 48.7 | I96: -
A97: RAJANGAN | B97: MADURA '25 | C97: Ball Goni | E97: =E96+1 -> 13 | F97: 49.7 | G97: 1.3 | H97: =F97-G97 -> 48.4 | I97: -
... A99: RAJANGAN | B99: MADURA '25 | C99: Ball Goni | E99: =E98+1 -> 15 | F99: 49.7 | G99: 1.2 | H99: =F99-G99 -> 48.5 | I99: -
A100: GRAND TOTAL | E100: =E99 -> 15 | F100: =SUM(F85:F99) -> 749.7 | G100: =SUM(G85:G99) -> 18.4 | H100: =SUM(H85:H99) -> 731.3
A102: Separation Result :
A103: Product Type | B103: Origin | C103: Pack Type | E103: Product Qty (Kg) | F103: Bits Stem Qty (Kg) | G103: Dust Qty (Kg) | H103: Uncountable Waste Qty (Kg) | I103: TOTAL Qty (Kg)
A104: RAJANGAN | B104: =B96 -> MADURA '25 | C104: =C99 -> Ball Goni | E104: 556.1 | F104: 155.1 | G104: 17.9 | H104: =IF(E104="","",(H100-E104-F104-G104)) -> 2.2 | I104: =IF(E104="","",SUM(E104:H104)) -> 731.3 | K104: =E104+E122 -> 607.8 | L104: =F104+F122 -> 169.4 | M104: =G104+G122 -> 19.6 | N104: =H104+H122 -> 2.8
A105: PERCENTAGE (YIELD) | E105: =IF(E104="","",E104/$H100) -> 0.76042664 | F105: =IF(F104="","",F104/$H100) -> 0.21208806 | G105: =IF(G104="","",G104/$H100) -> 0.024476959 | H105: =IF(H104="","",H104/$H100) -> 0.0030083413 | I105: =IF(I104="","",SUM(E105:H105)) -> 1
A106: Remark :
A107: 1. Gross qty. based on actual weighing during the process.
A108: 2. Tare qty. based on actual weighing during the process.
A109: 3. Uncountable waste qty. based on teoritical calculation.
A110: 4. Percentage Yield based on total Nett. qty actual weighing.
A111: 4. Material Desc. | B111: : MADURA'25
A112: Product Type | B112: Origin | C112: Pack Type | E112: No | F112: Gross (Kg) | G112: Tare (Kg) | H112: Netto ( Kg) | I112: Remark
A113: RAJANGAN | B113: MADURA '25 | C113: Karung Sak | E113: 1 | F113: 12.7 | G113: 0.3 | H113: =F113-G113 -> 12.4 | I113: -
A114: RAJANGAN | B114: MADURA '25 | C114: Karung Sak | E114: =E113+1 -> 2 | F114: 16.6 | G114: 0.3 | H114: =F114-G114 -> 16.3 | I114: -
A115: RAJANGAN | B115: MADURA '25 | C115: Karung Sak | E115: =E114+1 -> 3 | F115: 15.2 | G115: 0.3 | H115: =F115-G115 -> 14.9 | I115: -
A116: RAJANGAN | B116: MADURA '25 | C116: Karung Sak | E116: =E115+1 -> 4 | F116: 14.8 | G116: 0.3 | H116: =F116-G116 -> 14.5 | I116: -
A117: RAJANGAN | B117: MADURA '25 | C117: Karung Sak | E117: =E116+1 -> 5 | F117: 10.5 | G117: 0.3 | H117: =F117-G117 -> 10.2 | I117: -
A118: GRAND TOTAL | E118: =E117 -> 5 | F118: =SUM(F113:F117) -> 69.8 | G118: =SUM(G113:G117) -> 1.5 | H118: =SUM(H113:H117) -> 68.3
A120: Separation Result :
A121: Product Type | B121: Origin | C121: Pack Type | E121: Product Qty (Kg) | F121: Bits Stem Qty (Kg) | G121: Dust Qty (Kg) | H121: Uncountable Waste Qty (Kg) | I121: TOTAL Qty (Kg)
A122: RAJANGAN | B122: =B117 -> MADURA '25 | C122: =C117 -> Karung Sak | E122: 51.7 | F122: 14.3 | G122: 1.7 | H122: =IF(E122="","",(H118-E122-F122-G122)) -> 0.6 | I122: =IF(E122="","",SUM(E122:H122)) -> 68.3
A123: PERCENTAGE (YIELD) | E123: =IF(E122="","",E122/$H118) -> 0.75695461 | F123: =IF(F122="","",F122/$H118) -> 0.20937042 | G123: =IF(G122="","",G122/$H118) -> 0.02489019 | H123: =IF(H122="","",H122/$H118) -> 0.0087847731 | I123: =IF(I122="","",SUM(E123:H123)) -> 1 | K123: =AVERAGE(E105,E123) -> 0.75869062 | L123: =AVERAGE(F105,F123) -> 0.21072924 | M123: =AVERAGE(G105,G123) -> 0.024683575 | N123: =AVERAGE(H105,H123) -> 0.0058965572
A124: Remark :
A125: 1. Gross qty. based on actual weighing during the process.
A126: 2. Tare qty. based on actual weighing during the process.
A127: 3. Uncountable waste qty. based on teoritical calculation.
...

Sheet SPR Batch10
A1: PROCESS CERTIFICATE
A3: DELIVERY NOTE :
A4: Customer | B4: : Bpk. Bimo (PT. Falih Nur Gemilang) | H4: Issued Date : | I4: 46221
A6: Product Type | B6: Origin | C6: Total Pack (Unit) | D6: Pack Type | E6: Gross (Kg) | F6: Tare (Kg) | G6: Netto ( Kg) | H6: Date of Receipt | I6: Delivery Note Number
A7: RAJANGAN | B7: PAITON P10 | C7: 30 | D7: Ball Goni | E7: 1495 | F7: =G47 -> 34.6 | G7: =E7-F7 -> 1460.4 | H7: 46192 | I7: -
A8: RAJANGAN | B8: TEMANGGUNG | C8: 6 | D8: C48 | E8: 826.8 | F8: =G67 -> 90.9 | G8: =E8-F8 -> 735.9 | H8: 46192 | I8: - | K8: =E8/C8 -> 137.8
A10: Remark :
A11: 1. Gross qty. Based on Delivery Note.
A12: 2. Tare qty. Based on actual weighing during the process.
A14: SEPARATION RESULTS REPORT :
A15: 1. Material Desc. | B15: : PAITON P10
A16: Product Type | B16: Origin | C16: Pack Type | E16: No | F16: Gross (Kg) | G16: Tare (Kg) | H16: Netto ( Kg) | I16: Remark
A17: RAJANGAN | B17: PAITON | C17: Ball Goni | E17: 1 | F17: 47 | G17: 1.3 | H17: =F17-G17 -> 45.7 | I17: -
A18: RAJANGAN | B18: PAITON | C18: Ball Goni | E18: =E17+1 -> 2 | F18: 54 | G18: 1.1 | H18: =F18-G18 -> 52.9 | I18: -
A19: RAJANGAN | B19: PAITON | C19: Ball Goni | E19: =E18+1 -> 3 | F19: 51 | G19: 1.3 | H19: =F19-G19 -> 49.7 | I19: -
A20: RAJANGAN | B20: PAITON | C20: Ball Goni | E20: =E19+1 -> 4 | F20: 53.8 | G20: 1.6 | H20: =F20-G20 -> 52.2 | I20: -
A21: RAJANGAN | B21: PAITON | C21: Ball Goni | E21: =E20+1 -> 5 | F21: 56.1 | G21: 1.1 | H21: =F21-G21 -> 55 | I21: -
A22: RAJANGAN | B22: PAITON | C22: Ball Goni | E22: =E21+1 -> 6 | F22: 49 | G22: 1 | H22: =F22-G22 -> 48 | I22: -
A23: RAJANGAN | B23: PAITON | C23: Ball Goni | E23: =E22+1 -> 7 | F23: 50.9 | G23: 1.1 | H23: =F23-G23 -> 49.8 | I23: -
A24: RAJANGAN | B24: PAITON | C24: Ball Goni | E24: =E23+1 -> 8 | F24: 55.8 | G24: 1.2 | H24: =F24-G24 -> 54.6 | I24: -
A25: RAJANGAN | B25: PAITON | C25: Ball Goni | E25: =E24+1 -> 9 | F25: 49 | G25: 1.1 | H25: =F25-G25 -> 47.9 | I25: -
A26: RAJANGAN | B26: PAITON | C26: Ball Goni | E26: =E25+1 -> 10 | F26: 47.6 | G26: 1.3 | H26: =F26-G26 -> 46.3 | I26: -
A27: RAJANGAN | B27: PAITON | C27: Ball Goni | E27: =E26+1 -> 11 | F27: 51.7 | G27: 1 | H27: =F27-G27 -> 50.7 | I27: -
A28: RAJANGAN | B28: PAITON | C28: Ball Goni | E28: =E27+1 -> 12 | F28: 52.2 | G28: 1.1 | H28: =F28-G28 -> 51.1 | I28: -
A29: RAJANGAN | B29: PAITON | C29: Ball Goni | E29: =E28+1 -> 13 | F29: 44.2 | G29: 1.1 | H29: =F29-G29 -> 43.1 | I29: -
... A40: RAJANGAN | B40: PAITON | C40: Ball Goni | E40: =E39+1 -> 24 | F40: 52.5 | G40: 1 | H40: =F40-G40 -> 51.5 | I40: -
A41: RAJANGAN | B41: PAITON | C41: Ball Goni | E41: =E40+1 -> 25 | F41: 47.5 | G41: 1.2 | H41: =F41-G41 -> 46.3 | I41: - | L41: 50.1 | M41: 1.3
A42: RAJANGAN | B42: PAITON | C42: Ball Goni | E42: =E41+1 -> 26 | F42: 45.7 | G42: 0.9 | H42: =F42-G42 -> 44.8 | I42: - | L42: 20.2 | M42: 0.2
A43: RAJANGAN | B43: PAITON | C43: Ball Goni | E43: =E42+1 -> 27 | F43: 49.3 | G43: 1.1 | H43: =F43-G43 -> 48.2 | I43: - | L43: 22.9 | M43: 0.2
A44: RAJANGAN | B44: PAITON | C44: Ball Goni | E44: =E43+1 -> 28 | F44: 50.4 | G44: 1.2 | H44: =F44-G44 -> 49.2 | I44: - | L44: =SUM(L41:L43) -> 93.2 | M44: =SUM(M41:M43) -> 1.7
A45: RAJANGAN | B45: PAITON | C45: Ball Goni | E45: =E44+1 -> 29 | F45: 50 | G45: 1 | H45: =F45-G45 -> 49 | I45: -
A46: RAJANGAN | B46: PAITON | C46: Ball Goni | E46: =E45+1 -> 30 | F46: 48.6 | G46: 1.1 | H46: =F46-G46 -> 47.5 | I46: -
A47: GRAND TOTAL | E47: =E46 -> 30 | F47: =SUM(F17:F46) -> 1490 | G47: =SUM(G17:G46) -> 34.6 | H47: =SUM(H17:H46) -> 1455.4 | K47: =E7-F47 -> 5
A49: Separation Result :
A50: Product Type | B50: Origin | C50: Pack Type | E50: Product Qty (Kg) | F50: Bits Stem Qty (Kg) | G50: Dust Qty (Kg) | H50: Uncountable Waste Qty (Kg) | I50: TOTAL Qty (Kg)
A51: RAJANGAN | B51: =B46 -> PAITON | C51: Ball Goni | E51: 1186.2 | F51: 228 | G51: 27.9 | H51: =IF(E51="","",(H47-E51-F51-G51)) -> 13.3 | I51: =IF(E51="","",SUM(E51:H51)) -> 1455.4
A52: PERCENTAGE (YIELD) | E52: =IF(E51="","",E51/$H47) -> 0.81503367 | F52: =IF(F51="","",F51/$H47) -> 0.15665796 | G52: =IF(G51="","",G51/$H47) -> 0.019169988 | H52: =IF(H51="","",H51/$H47) -> 0.0091383812 | I52: =IF(I51="","",SUM(E52:H52)) -> 1
A53: Remark :
A54: 1. Gross qty. based on actual weighing during the process.
A55: 2. Tare qty. based on actual weighing during the process.
A56: 3. Uncountable waste qty. based on teoritical calculation.
A57: 4. Percentage Yield based on total Nett. qty actual weighing.
A59: 2. Material Desc. | B59: : TEMANGGUNG
A60: Product Type | B60: Origin | C60: Pack Type | E60: No | F60: Gross (Kg) | G60: Tare (Kg) | H60: Netto ( Kg) | I60: Remark
A61: RAJANGAN | B61: TEMANGGUNG | C61: C48 | E61: 1 | F61: =K8 -> 137.8 | G61: 13.7 | H61: =F61-G61 -> 124.1 | I61: -
A62: RAJANGAN | B62: TEMANGGUNG | C62: C48 | E62: =E61+1 -> 2 | F62: =F61 -> 137.8 | G62: 15.8 | H62: =F62-G62 -> 122 | I62: -
A63: RAJANGAN | B63: TEMANGGUNG | C63: C48 | E63: =E62+1 -> 3 | F63: =F62 -> 137.8 | G63: 15.1 | H63: =F63-G63 -> 122.7 | I63: -
A64: RAJANGAN | B64: TEMANGGUNG | C64: C48 | E64: =E63+1 -> 4 | F64: =F63 -> 137.8 | G64: 15.7 | H64: =F64-G64 -> 122.1 | I64: -
A65: RAJANGAN | B65: TEMANGGUNG | C65: C48 | E65: =E64+1 -> 5 | F65: =F64 -> 137.8 | G65: 14.8 | H65: =F65-G65 -> 123 | I65: -
A66: RAJANGAN | B66: TEMANGGUNG | C66: C48 | E66: =E65+1 -> 6 | F66: =F65 -> 137.8 | G66: 15.8 | H66: =F66-G66 -> 122 | I66: -
A67: GRAND TOTAL | E67: =E66 -> 6 | F67: =SUM(F61:F66) -> 826.8 | G67: =SUM(G61:G66) -> 90.9 | H67: =SUM(H61:H66) -> 735.9
A69: Separation Result :
A70: Product Type | B70: Origin | C70: Pack Type | E70: Product Qty (Kg) | F70: Bits Stem Qty (Kg) | G70: Dust Qty (Kg) | H70: Uncountable Waste Qty (Kg) | I70: TOTAL Qty (Kg)
A71: RAJANGAN | B71: =B66 -> TEMANGGUNG | C71: =C66 -> C48 | E71: 318 | F71: 389 | G71: 16.7 | H71: =IF(E71="","",(H67-E71-F71-G71)) -> 12.2 | I71: =IF(E71="","",SUM(E71:H71)) -> 735.9
A72: PERCENTAGE (YIELD) | E72: =IF(E71="","",E71/$H67) -> 0.43212393 | F72: =IF(F71="","",F71/$H67) -> 0.52860443 | G72: =IF(G71="","",G71/$H67) -> 0.022693301 | H72: =IF(H71="","",H71/$H67) -> 0.016578339 | I72: =IF(I71="","",SUM(E72:H72)) -> 1
A73: Remark :
A74: 1. Gross qty. based on average minus teoritical tare weight
A75: 2. Tare qty. based on actual weighing during the process.
A76: 3. Uncountable waste qty. based on teoritical calculation.
A77: 4. Percentage Yield based on total Nett. qty actual weighing.

Sheet SPR Batch11
A1: PROCESS CERTIFICATE
A3: DELIVERY NOTE :
A4: Customer | B4: : Bpk. Bimo (PT. Falih Nur Gemilang) | H4: Issued Date : | I4: 46199
A6: Product Type | B6: Origin | C6: Total Pack (Unit) | D6: Pack Type | E6: Gross (Kg) | F6: Tare (Kg) | G6: Netto ( Kg) | H6: Date of Receipt | I6: Delivery Note Number | K6: KT | L6: SLSH
A7: RAJANGAN | B7: PLOSO | C7: 82 | D7: Ball Goni | E7: 3521.4 | F7: 121 | G7: =E7-F7 -> 3400.4 | H7: 46193 | I7: - | K7: 3536.9 | L7: =E7-K7 -> -15.5
A9: Remark :
A10: 1. Gross qty. Based on Delivery Note.
A11: 2. Tare qty. Based on actual weighing during the process.
A13: SEPARATION RESULTS REPORT :
A14: 1. Material Desc : PLOSO
A15: Product Type | B15: Origin | C15: Pack Type | E15: No | F15: Gross (Kg) | G15: Tare (Kg) | H15: Netto ( Kg) | I15: Remark
A16: RAJANGAN | B16: PLOSO | C16: Ball Goni | E16: 1 | F16: 40.2 | G16: 1 | H16: =F16-G16 -> 39.2 | I16: -
A17: RAJANGAN | B17: PLOSO | C17: Ball Goni | E17: =E16+1 -> 2 | F17: 49.2 | G17: 1.4 | H17: =F17-G17 -> 47.8 | I17: -
A18: RAJANGAN | B18: PLOSO | C18: Ball Goni | E18: =E17+1 -> 3 | F18: 41.9 | G18: 1.4 | H18: =F18-G18 -> 40.5 | I18: -
A19: RAJANGAN | B19: PLOSO | C19: Ball Goni | E19: =E18+1 -> 4 | F19: 44.4 | G19: 1.5 | H19: =F19-G19 -> 42.9 | I19: -
A20: RAJANGAN | B20: PLOSO | C20: Ball Goni | E20: =E19+1 -> 5 | F20: 47.6 | G20: 1.5 | H20: =F20-G20 -> 46.1 | I20: -
A21: RAJANGAN | B21: PLOSO | C21: Ball Goni | E21: =E20+1 -> 6 | F21: 42.3 | G21: 1 | H21: =F21-G21 -> 41.3 | I21: -
A22: RAJANGAN | B22: PLOSO | C22: Ball Goni | E22: =E21+1 -> 7 | F22: 53.4 | G22: 1.4 | H22: =F22-G22 -> 52 | I22: -
A23: RAJANGAN | B23: PLOSO | C23: Ball Goni | E23: =E22+1 -> 8 | F23: 40.5 | G23: 1.4 | H23: =F23-G23 -> 39.1 | I23: -
A24: RAJANGAN | B24: PLOSO | C24: Ball Goni | E24: =E23+1 -> 9 | F24: 42.4 | G24: 1.5 | H24: =F24-G24 -> 40.9 | I24: -
A25: RAJANGAN | B25: PLOSO | C25: Ball Goni | E25: =E24+1 -> 10 | F25: 46.3 | G25: 1.5 | H25: =F25-G25 -> 44.8 | I25: -
A26: RAJANGAN | B26: PLOSO | C26: Ball Goni | E26: =E25+1 -> 11 | F26: 30.9 | G26: 1.1 | H26: =F26-G26 -> 29.8 | I26: -
A27: RAJANGAN | B27: PLOSO | C27: Ball Goni | E27: =E26+1 -> 12 | F27: 41.1 | G27: 1.1 | H27: =F27-G27 -> 40 | I27: -
A28: RAJANGAN | B28: PLOSO | C28: Ball Goni | E28: =E27+1 -> 13 | F28: 42.1 | G28: 1.4 | H28: =F28-G28 -> 40.7 | I28: -
... A98: RAJANGAN | B98: PLOSO | C98: Ball Goni | E98: =E97+1 -> 83 | F98: 4.5 | G98: 0.2 | H98: =F98-G98 -> 4.3 | I98: Remnant
A99: GRAND TOTAL | E99: =E98 -> 83 | F99: =SUM(F16:F98) -> 3536.9 | G99: =SUM(G16:G98) -> 121 | H99: =SUM(H16:H98) -> 3415.9
A101: Separation Result :
A102: Product Type | B102: Origin | C102: Pack Type | E102: Product Qty (Kg) | F102: Bits Stem Qty (Kg) | G102: Dust Qty (Kg) | H102: Uncountable Waste Qty (Kg) | I102: TOTAL Qty (Kg)
A103: RAJANGAN | B103: =B98 -> PLOSO | C103: Ball Goni | E103: 2561.6 | F103: 753.6 | G103: 66 | H103: =IF(E103="","",(H99-E103-F103-G103)) -> 34.7 | I103: =IF(E103="","",SUM(E103:H103)) -> 3415.9
A104: PERCENTAGE (YIELD) | E104: =IF(E103="","",E103/$H99) -> 0.74990486 | F104: =IF(F103="","",F103/$H99) -> 0.22061536 | G104: =IF(G103="","",G103/$H99) -> 0.019321409 | H104: =IF(H103="","",H103/$H99) -> 0.010158377 | I104: =IF(I103="","",SUM(E104:H104)) -> 1
A105: Remark :
A106: 1. Gross qty. based on actual weighing during the process.
A107: 2. Tare qty. based on actual weighing during the process.
A108: 3. Uncountable waste qty. based on teoritical calculation.
A109: 4. Percentage Yield based on total Nett. qty actual weighing.

Sheet SPR Batch12
A1: PROCESS CERTIFICATE
A3: MATERIAL RECEIPT LIST :
A4: Customer | B4: : Bpk. Bimo (PT. Falih Nur Gemilang) | H4: Issued Date : | I4: 46212
A6: Product Type | B6: Origin | C6: Total Pack (Unit) | D6: Pack Type | E6: Gross (Kg) | F6: Tare (Kg) | G6: Netto ( Kg) | H6: Date of Receipt | I6: Delivery Note Number
A7: RAJANGAN | B7: PAITON | C7: 83 | D7: Ball Goni | E7: 3731.1 | F7: =G99 -> 105.3 | G7: =E7-F7 -> 3625.8 | H7: 46198 | I7: -
A9: Remark :
A10: 1. Gross qty. Based on Material receipt list.
A11: 2. Tare qty. Based on actual weighing during the process.
A13: SEPARATION RESULTS REPORT :
A14: 1. Material Desc. | B14: : PAITON
A15: Product Type | B15: Origin | C15: Pack Type | E15: No | F15: Gross (Kg) | G15: Tare (Kg) | H15: Netto ( Kg) | I15: Remark
A16: RAJANGAN | B16: PAITON | C16: Ball Goni | E16: 1 | F16: 43.1 | G16: 1.1 | H16: =F16-G16 -> 42 | I16: -
A17: RAJANGAN | B17: PAITON | C17: Ball Goni | E17: =E16+1 -> 2 | F17: 45.9 | G17: 0.9 | H17: =F17-G17 -> 45 | I17: -
A18: RAJANGAN | B18: PAITON | C18: Ball Goni | E18: =E17+1 -> 3 | F18: 41.3 | G18: 1.2 | H18: =F18-G18 -> 40.1 | I18: -
A19: RAJANGAN | B19: PAITON | C19: Ball Goni | E19: =E18+1 -> 4 | F19: 50.2 | G19: 1 | H19: =F19-G19 -> 49.2 | I19: -
A20: RAJANGAN | B20: PAITON | C20: Ball Goni | E20: =E19+1 -> 5 | F20: 47.2 | G20: 1.6 | H20: =F20-G20 -> 45.6 | I20: -
A21: RAJANGAN | B21: PAITON | C21: Ball Goni | E21: =E20+1 -> 6 | F21: 42.6 | G21: 1.4 | H21: =F21-G21 -> 41.2 | I21: -
A22: RAJANGAN | B22: PAITON | C22: Ball Goni | E22: =E21+1 -> 7 | F22: 49.2 | G22: 1.1 | H22: =F22-G22 -> 48.1 | I22: -
A23: RAJANGAN | B23: PAITON | C23: Ball Goni | E23: =E22+1 -> 8 | F23: 43.8 | G23: 1.5 | H23: =F23-G23 -> 42.3 | I23: -
A24: RAJANGAN | B24: PAITON | C24: Ball Goni | E24: =E23+1 -> 9 | F24: 45.4 | G24: 1.1 | H24: =F24-G24 -> 44.3 | I24: -
A25: RAJANGAN | B25: PAITON | C25: Ball Goni | E25: =E24+1 -> 10 | F25: 48.2 | G25: 1.2 | H25: =F25-G25 -> 47 | I25: -
A26: RAJANGAN | B26: PAITON | C26: Ball Goni | E26: =E25+1 -> 11 | F26: 47.2 | G26: 1.2 | H26: =F26-G26 -> 46 | I26: -
A27: RAJANGAN | B27: PAITON | C27: Ball Goni | E27: =E26+1 -> 12 | F27: 44.6 | G27: 1.1 | H27: =F27-G27 -> 43.5 | I27: -
A28: RAJANGAN | B28: PAITON | C28: Ball Goni | E28: =E27+1 -> 13 | F28: 42.5 | G28: 1.5 | H28: =F28-G28 -> 41 | I28: -
... A98: RAJANGAN | B98: PAITON | C98: Ball Goni | E98: =E97+1 -> 83 | F98: 47.5 | G98: 1.7 | H98: =F98-G98 -> 45.8 | I98: -
A99: GRAND TOTAL | E99: =E98 -> 83 | F99: =SUM(F16:F98) -> 3731.1 | G99: =SUM(G16:G98) -> 105.3 | H99: =SUM(H16:H98) -> 3625.8
A101: Separation Result :
A102: Product Type | B102: Origin | C102: Pack Type | E102: Product Qty (Kg) | F102: Bits Stem Qty (Kg) | G102: Dust Qty (Kg) | H102: Uncountable Waste Qty (Kg) | I102: TOTAL Qty (Kg)
A103: RAJANGAN | B103: =B98 -> PAITON | C103: Ball Goni | E103: 2581.9 | F103: 984.9 | G103: 50.2 | H103: =IF(E103="","",(H99-E103-F103-G103)) -> 8.8 | I103: =IF(E103="","",SUM(E103:H103)) -> 3625.8
A104: PERCENTAGE (YIELD) | E104: =IF(E103="","",E103/$H99) -> 0.71209112 | F104: =IF(F103="","",F103/$H99) -> 0.2716366 | G104: =IF(G103="","",G103/$H99) -> 0.01384522 | H104: =IF(H103="","",H103/$H99) -> 0.0024270506 | I104: =IF(I103="","",SUM(E104:H104)) -> 1
A105: Remark :
A106: 1. Gross qty. based on actual weighing during the process.
A107: 2. Tare qty. based on actual weighing during the process.
A108: 3. Uncountable waste qty. based on teoritical calculation.
A109: 4. Percentage Yield based on total Nett. qty actual weighing.

Sheet SPR Batch13
A1: PROCESS CERTIFICATE
A3: MATERIAL RECEIPT LIST :
A4: Customer | B4: : Bpk. Bimo (PT. Falih Nur Gemilang) | H4: Issued Date : | I4: 46202
A6: Product Type | B6: Origin | C6: Total Pack (Unit) | D6: Pack Type | E6: Gross (Kg) | F6: Tare (Kg) | G6: Netto ( Kg) | H6: Date of Receipt | I6: Delivery Note Number
A7: RAJANGAN | B7: REMBANG | C7: 77 | D7: Ball Goni | E7: 3658.4 | F7: 113.9 | G7: =E7-F7 -> 3544.5 | H7: 46199 | I7: -
A9: Remark :
A10: 1. Gross qty. Based on Material receipt list.
A11: 2. Tare qty. Based on actual weighing during the process.
A13: SEPARATION RESULTS REPORT :
A14: 1. Material Desc : REMBANG
A15: Product Type | B15: Origin | C15: Pack Type | E15: No | F15: Gross (Kg) | G15: Tare (Kg) | H15: Netto ( Kg) | I15: Remark
A16: RAJANGAN | B16: REMBANG | C16: Ball Goni | E16: 1 | F16: 50.1 | G16: 1.2 | H16: =F16-G16 -> 48.9 | I16: -
A17: RAJANGAN | B17: REMBANG | C17: Ball Goni | E17: =E16+1 -> 2 | F17: 47.6 | G17: 1.6 | H17: =F17-G17 -> 46 | I17: -
A18: RAJANGAN | B18: REMBANG | C18: Ball Goni | E18: =E17+1 -> 3 | F18: 47.1 | G18: 1.2 | H18: =F18-G18 -> 45.9 | I18: -
A19: RAJANGAN | B19: REMBANG | C19: Ball Goni | E19: =E18+1 -> 4 | F19: 49.4 | G19: 1.7 | H19: =F19-G19 -> 47.7 | I19: -
A20: RAJANGAN | B20: REMBANG | C20: Ball Goni | E20: =E19+1 -> 5 | F20: 50.4 | G20: 1.2 | H20: =F20-G20 -> 49.2 | I20: -
A21: RAJANGAN | B21: REMBANG | C21: Ball Goni | E21: =E20+1 -> 6 | F21: 33.8 | G21: 1.5 | H21: =F21-G21 -> 32.3 | I21: -
A22: RAJANGAN | B22: REMBANG | C22: Ball Goni | E22: =E21+1 -> 7 | F22: 43.1 | G22: 0.7 | H22: =F22-G22 -> 42.4 | I22: -
A23: RAJANGAN | B23: REMBANG | C23: Ball Goni | E23: =E22+1 -> 8 | F23: 46.3 | G23: 0.8 | H23: =F23-G23 -> 45.5 | I23: -
A24: RAJANGAN | B24: REMBANG | C24: Ball Goni | E24: =E23+1 -> 9 | F24: 22.2 | G24: 1.3 | H24: =F24-G24 -> 20.9 | I24: -
A25: RAJANGAN | B25: REMBANG | C25: Ball Goni | E25: =E24+1 -> 10 | F25: 48.7 | G25: 2.1 | H25: =F25-G25 -> 46.6 | I25: -
A26: RAJANGAN | B26: REMBANG | C26: Ball Goni | E26: =E25+1 -> 11 | F26: 42.2 | G26: 1.3 | H26: =F26-G26 -> 40.9 | I26: -
A27: RAJANGAN | B27: REMBANG | C27: Ball Goni | E27: =E26+1 -> 12 | F27: 48 | G27: 1.6 | H27: =F27-G27 -> 46.4 | I27: -
A28: RAJANGAN | B28: REMBANG | C28: Ball Goni | E28: =E27+1 -> 13 | F28: 47.7 | G28: 1.7 | H28: =F28-G28 -> 46 | I28: -
... A92: RAJANGAN | B92: REMBANG | C92: Ball Goni | E92: =E91+1 -> 77 | F92: 50.6 | G92: 2.7 | H92: =F92-G92 -> 47.9 | I92: -
A93: GRAND TOTAL | E93: =E92 -> 77 | F93: =SUM(F16:F92) -> 3658.4 | G93: =SUM(G16:G92) -> 113.9 | H93: =SUM(H16:H92) -> 3544.5
A95: Separation Result :
A96: Product Type | B96: Origin | C96: Pack Type | E96: Product Qty (Kg) | F96: Bits Stem Qty (Kg) | G96: Dust Qty (Kg) | H96: Uncountable Waste Qty (Kg) | I96: TOTAL Qty (Kg)
A97: RAJANGAN | B97: =B90 -> REMBANG | C97: Ball Goni | E97: 3122.9 | F97: 309.8 | G97: 95.2 | H97: =IF(E97="","",(H93-E97-F97-G97)) -> 16.6 | I97: =IF(E97="","",SUM(E97:H97)) -> 3544.5
A98: PERCENTAGE (YIELD) | E98: =IF(E97="","",E97/$H93) -> 0.88105516 | F98: =IF(F97="","",F97/$H93) -> 0.087403019 | G98: =IF(G97="","",G97/$H93) -> 0.026858513 | H98: =IF(H97="","",H97/$H93) -> 0.0046833122 | I98: =IF(I97="","",SUM(E98:H98)) -> 1
A99: Remark :
A100: 1. Gross qty. based on actual weighing during the process.
A101: 2. Tare qty. based on actual weighing during the process.
A102: 3. Uncountable waste qty. based on teoritical calculation.
A103: 4. Percentage Yield based on total Nett. qty actual weighing.

Sheet SPR Batch14
A1: PROCESS CERTIFICATE
A3: DELIVERY NOTE :
A4: Customer | B4: : Bpk. Bimo (PT. Falih Nur Gemilang) | H4: Issued Date : | I4: 46204
A6: Product Type | B6: Origin | C6: Total Pack (Unit) | D6: Pack Type | E6: Gross (Kg) | F6: Tare (Kg) | G6: Netto ( Kg) | H6: Date of Receipt | I6: Delivery Note Number
A7: RAJANGAN | B7: TEMANGGUNG | C7: 11 | D7: C48 | E7: 1460.6 | F7: =G27 -> 169.5 | G7: =E7-F7 -> 1291.1 | H7: 46199 | I7: - | K7: =E7/11 -> 132.78182
A9: Remark :
A10: 1. Gross qty. Based on Delivery Note.
A11: 2. Tare qty. Based on actual weighing during the process.
A13: SEPARATION RESULTS REPORT :
A14: 1. Material Desc : TEMANGGUNG
A15: Product Type | B15: Origin | C15: Pack Type | E15: No | F15: Gross (Kg) | G15: Tare (Kg) | H15: Netto ( Kg) | I15: Remark
A16: RAJANGAN | B16: TEMANGGUNG | C16: C48 | E16: 1 | F16: 132.78182 | G16: 15.4 | H16: =F16-G16 -> 117.38182 | I16: -
A17: RAJANGAN | B17: TEMANGGUNG | C17: C48 | E17: =E16+1 -> 2 | F17: 132.78182 | G17: 15.7 | H17: =F17-G17 -> 117.08182 | I17: -
A18: RAJANGAN | B18: TEMANGGUNG | C18: C48 | E18: =E17+1 -> 3 | F18: 132.78182 | G18: 15.5 | H18: =F18-G18 -> 117.28182 | I18: -
A19: RAJANGAN | B19: TEMANGGUNG | C19: C48 | E19: =E18+1 -> 4 | F19: 132.78182 | G19: 15.3 | H19: =F19-G19 -> 117.48182 | I19: -
A20: RAJANGAN | B20: TEMANGGUNG | C20: C48 | E20: =E19+1 -> 5 | F20: 132.78182 | G20: 14.7 | H20: =F20-G20 -> 118.08182 | I20: -
A21: RAJANGAN | B21: TEMANGGUNG | C21: C48 | E21: =E20+1 -> 6 | F21: 132.78182 | G21: 15.8 | H21: =F21-G21 -> 116.98182 | I21: -
A22: RAJANGAN | B22: TEMANGGUNG | C22: C48 | E22: =E21+1 -> 7 | F22: 132.78182 | G22: 15.5 | H22: =F22-G22 -> 117.28182 | I22: -
A23: RAJANGAN | B23: TEMANGGUNG | C23: C48 | E23: =E22+1 -> 8 | F23: 132.78182 | G23: 15.3 | H23: =F23-G23 -> 117.48182 | I23: -
A24: RAJANGAN | B24: TEMANGGUNG | C24: C48 | E24: =E23+1 -> 9 | F24: 132.78182 | G24: 14.5 | H24: =F24-G24 -> 118.28182 | I24: -
A25: RAJANGAN | B25: TEMANGGUNG | C25: C48 | E25: =E24+1 -> 10 | F25: 132.78182 | G25: 15.2 | H25: =F25-G25 -> 117.58182 | I25: -
A26: RAJANGAN | B26: TEMANGGUNG | C26: C48 | E26: =E25+1 -> 11 | F26: 132.78182 | G26: 16.6 | H26: =F26-G26 -> 116.18182 | I26: -
A27: GRAND TOTAL | E27: =E26 -> 11 | F27: =SUM(F16:F26) -> 1460.6 | G27: =SUM(G16:G26) -> 169.5 | H27: =SUM(H16:H26) -> 1291.1
A29: Separation Result :
A30: Product Type | B30: Origin | C30: Pack Type | E30: Product Qty (Kg) | F30: Bits Stem Qty (Kg) | G30: Dust Qty (Kg) | H30: Uncountable Waste Qty (Kg) | I30: TOTAL Qty (Kg)
A31: RAJANGAN | B31: =B24 -> TEMANGGUNG | C31: =C24 -> C48 | E31: 731.6 | F31: 519.9 | G31: 23.9 | H31: =IF(E31="","",(H27-E31-F31-G31)) -> 15.7 | I31: =IF(E31="","",SUM(E31:H31)) -> 1291.1
A32: PERCENTAGE (YIELD) | E32: =IF(E31="","",E31/$H27) -> 0.56664859 | F32: =IF(F31="","",F31/$H27) -> 0.40267989 | G32: =IF(G31="","",G31/$H27) -> 0.018511347 | H32: =IF(H31="","",H31/$H27) -> 0.012160173 | I32: =IF(I31="","",SUM(E32:H32)) -> 1
A33: Remark :
A34: 1. Gross qty. based on average minus teoritical tare weight
A35: 2. Tare qty. based on actual weighing during the process.
A36: 3. Uncountable waste qty. based on teoritical calculation.
A37: 4. Percentage Yield based on total Nett. qty actual weighing.

Sheet SPR Batch15
A1: PROCESS CERTIFICATE
A3: DELIVERY NOTE :
A4: Customer | B4: : Bpk. Bimo (PT. Falih Nur Gemilang) | H4: Issued Date : | I4: 46212
A6: Product Type | B6: Origin | C6: Total Pack (Unit) | D6: Pack Type | E6: Gross (Kg) | F6: Tare (Kg) | G6: Netto ( Kg) | H6: Date of Receipt | I6: Delivery Note Number
A7: RAJANGAN | B7: TEMANGGUNG | C7: 12 | D7: C48 | E7: 1592 | F7: =G28 -> 155.8 | G7: =E7-F7 -> 1436.2 | H7: 46202 | I7: 001879 | K7: =E7/12 -> 132.66667
A9: Remark :
A10: 1. Gross qty. Based on Delivery Note.
A11: 2. Tare qty. Based on actual weighing during the process.
A13: SEPARATION RESULTS REPORT :
A14: 1. Material Desc : TEMANGGUNG
A15: Product Type | B15: Origin | C15: Pack Type | E15: No | F15: Gross (Kg) | G15: Tare (Kg) | H15: Netto ( Kg) | I15: Remark
A16: RAJANGAN | B16: TEMANGGUNG | C16: C48 | E16: 1 | F16: =K7 -> 132.66667 | G16: 12 | H16: =F16-G16 -> 120.66667 | I16: -
A17: RAJANGAN | B17: TEMANGGUNG | C17: C48 | E17: =E16+1 -> 2 | F17: =F16 -> 132.66667 | G17: 13.5 | H17: =F17-G17 -> 119.16667 | I17: -
A18: RAJANGAN | B18: TEMANGGUNG | C18: C48 | E18: =E17+1 -> 3 | F18: =F17 -> 132.66667 | G18: 12.7 | H18: =F18-G18 -> 119.96667 | I18: -
A19: RAJANGAN | B19: TEMANGGUNG | C19: C48 | E19: =E18+1 -> 4 | F19: =F18 -> 132.66667 | G19: 12.4 | H19: =F19-G19 -> 120.26667 | I19: -
A20: RAJANGAN | B20: TEMANGGUNG | C20: C48 | E20: =E19+1 -> 5 | F20: =F19 -> 132.66667 | G20: 15.3 | H20: =F20-G20 -> 117.36667 | I20: -
A21: RAJANGAN | B21: TEMANGGUNG | C21: C48 | E21: =E20+1 -> 6 | F21: =F20 -> 132.66667 | G21: 12.6 | H21: =F21-G21 -> 120.06667 | I21: -
A22: RAJANGAN | B22: TEMANGGUNG | C22: C48 | E22: =E21+1 -> 7 | F22: =F21 -> 132.66667 | G22: 13 | H22: =F22-G22 -> 119.66667 | I22: -
A23: RAJANGAN | B23: TEMANGGUNG | C23: C48 | E23: =E22+1 -> 8 | F23: =F22 -> 132.66667 | G23: 12.8 | H23: =F23-G23 -> 119.86667 | I23: -
A24: RAJANGAN | B24: TEMANGGUNG | C24: C48 | E24: =E23+1 -> 9 | F24: =F23 -> 132.66667 | G24: 13.1 | H24: =F24-G24 -> 119.56667 | I24: -
A25: RAJANGAN | B25: TEMANGGUNG | C25: C48 | E25: =E24+1 -> 10 | F25: =F24 -> 132.66667 | G25: 12 | H25: =F25-G25 -> 120.66667 | I25: -
A26: RAJANGAN | B26: TEMANGGUNG | C26: C48 | E26: =E25+1 -> 11 | F26: =F24 -> 132.66667 | G26: 12.4 | H26: =F26-G26 -> 120.26667 | I26: -
A27: RAJANGAN | B27: TEMANGGUNG | C27: C48 | E27: =E26+1 -> 12 | F27: =F25 -> 132.66667 | G27: 14 | H27: =F27-G27 -> 118.66667 | I27: -
A28: GRAND TOTAL | E28: =E27 -> 12 | F28: =SUM(F16:F27) -> 1592 | G28: =SUM(G16:G27) -> 155.8 | H28: =SUM(H16:H27) -> 1436.2
A30: Separation Result :
A31: Product Type | B31: Origin | C31: Pack Type | E31: Product Qty (Kg) | F31: Bits Stem Qty (Kg) | G31: Dust Qty (Kg) | H31: Uncountable Waste Qty (Kg) | I31: TOTAL Qty (Kg)
A32: RAJANGAN | B32: =B24 -> TEMANGGUNG | C32: =C24 -> C48 | E32: 827 | F32: 561.3 | G32: 25.9 | H32: =IF(E32="","",(H28-E32-F32-G32)) -> 22 | I32: =IF(E32="","",SUM(E32:H32)) -> 1436.2
A33: PERCENTAGE (YIELD) | E33: =IF(E32="","",E32/$H28) -> 0.57582509 | F33: =IF(F32="","",F32/$H28) -> 0.39082301 | G33: =IF(G32="","",G32/$H28) -> 0.0180337 | H33: =IF(H32="","",H32/$H28) -> 0.015318201 | I33: =IF(I32="","",SUM(E33:H33)) -> 1
A34: Remark :
A35: 1. Gross qty. based on average minus teoritical tare weight
A36: 2. Tare qty. based on actual weighing during the process.
A37: 3. Uncountable waste qty. based on teoritical calculation.
A38: 4. Percentage Yield based on total Nett. qty actual weighing.

Sheet SPR Batch16
A1: PROCESS CERTIFICATE
A3: DELIVERY NOTE :
A4: Customer | B4: : Bpk. Bimo (PT. Falih Nur Gemilang) | H4: Issued Date : | I4: 46212
A6: Product Type | B6: Origin | C6: Total Pack (Unit) | D6: Pack Type | E6: Gross (Kg) | F6: Tare (Kg) | G6: Netto ( Kg) | H6: Date of Receipt | I6: Delivery Note Number
A7: RAJANGAN | B7: REMBANG | C7: 33 | D7: Ball Goni | E7: 1542.7 | F7: =G50 -> 41.5 | G7: =E7-F7 -> 1501.2 | H7: 46206 | I7: 001886 | K7: =E7/11 -> 140.24545
A9: Remark :
A10: 1. Gross qty. Based on Delivery Note.
A11: 2. Tare qty. Based on actual weighing during the process.
A13: SEPARATION RESULTS REPORT :
A14: 1. Material Desc : REMBANG
A15: Product Type | B15: Origin | C15: Pack Type | E15: No | F15: Gross (Kg) | G15: Tare (Kg) | H15: Netto ( Kg) | I15: Remark
A16: RAJANGAN | B16: REMBANG | C16: Ball Goni | E16: 1 | F16: 42.4 | G16: 1.7 | H16: =F16-G16 -> 40.7 | I16: -
A17: RAJANGAN | B17: REMBANG | C17: Ball Goni | E17: =E16+1 -> 2 | F17: 37 | G17: 1.5 | H17: =F17-G17 -> 35.5 | I17: -
A18: RAJANGAN | B18: REMBANG | C18: Ball Goni | E18: =E17+1 -> 3 | F18: 44 | G18: 1.4 | H18: =F18-G18 -> 42.6 | I18: -
A19: RAJANGAN | B19: REMBANG | C19: Ball Goni | E19: =E18+1 -> 4 | F19: 42.1 | G19: 1.5 | H19: =F19-G19 -> 40.6 | I19: -
A20: RAJANGAN | B20: REMBANG | C20: Ball Goni | E20: =E19+1 -> 5 | F20: 47.9 | G20: 1.7 | H20: =F20-G20 -> 46.2 | I20: -
A21: RAJANGAN | B21: REMBANG | C21: Ball Goni | E21: =E20+1 -> 6 | F21: 43.7 | G21: 1.1 | H21: =F21-G21 -> 42.6 | I21: -
A22: RAJANGAN | B22: REMBANG | C22: Ball Goni | E22: =E21+1 -> 7 | F22: 43 | G22: 1.1 | H22: =F22-G22 -> 41.9 | I22: -
A23: RAJANGAN | B23: REMBANG | C23: Ball Goni | E23: =E22+1 -> 8 | F23: 50 | G23: 1.4 | H23: =F23-G23 -> 48.6 | I23: -
A24: RAJANGAN | B24: REMBANG | C24: Ball Goni | E24: =E23+1 -> 9 | F24: 49.4 | G24: 1.5 | H24: =F24-G24 -> 47.9 | I24: -
A25: RAJANGAN | B25: REMBANG | C25: Ball Goni | E25: =E24+1 -> 10 | F25: 48.7 | G25: 1.3 | H25: =F25-G25 -> 47.4 | I25: -
A26: RAJANGAN | B26: REMBANG | C26: Ball Goni | E26: =E25+1 -> 11 | F26: 43.5 | G26: 1.5 | H26: =F26-G26 -> 42 | I26: -
A27: RAJANGAN | B27: REMBANG | C27: Ball Goni | E27: =E26+1 -> 12 | F27: 46.6 | G27: 1.1 | H27: =F27-G27 -> 45.5 | I27: -
A28: RAJANGAN | B28: REMBANG | C28: Ball Goni | E28: =E27+1 -> 13 | F28: 46.2 | G28: 1.2 | H28: =F28-G28 -> 45 | I28: -
... A49: RAJANGAN | B49: REMBANG | C49: Sak | E49: =E48+1 -> 34 | F49: 7.9 | G49: 0.2 | H49: =F49-G49 -> 7.7 | I49: Remnant
A50: GRAND TOTAL | E50: =E49 -> 34 | F50: =SUM(F16:F49) -> 1530.7 | G50: =SUM(G16:G49) -> 41.5 | H50: =SUM(H16:H49) -> 1489.2 | K50: =E7-F50 -> 12 | L50: =(K50/F50) -> 0.0078395505
A52: Separation Result :
A53: Product Type | B53: Origin | C53: Pack Type | E53: Product Qty (Kg) | F53: Bits Stem Qty (Kg) | G53: Dust Qty (Kg) | H53: Uncountable Waste Qty (Kg) | I53: TOTAL Qty (Kg)
A54: RAJANGAN | B54: =B47 -> REMBANG | C54: =C47 -> Ball Goni | E54: 1255.1 | F54: 185.7 | G54: 44.3 | H54: =IF(E54="","",(H50-E54-F54-G54)) -> 4.1 | I54: =IF(E54="","",SUM(E54:H54)) -> 1489.2
A55: PERCENTAGE (YIELD) | E55: =IF(E54="","",E54/$H50) -> 0.8428015 | F55: =IF(F54="","",F54/$H50) -> 0.12469782 | G55: =IF(G54="","",G54/$H50) -> 0.029747515 | H55: =IF(H54="","",H54/$H50) -> 0.0027531561 | I55: =IF(I54="","",SUM(E55:H55)) -> 1
A56: Remark :
A57: 1. Gross qty. based on actual weighing during the process.
A58: 2. Tare qty. based on actual weighing during the process.
A59: 3. Uncountable waste qty. based on teoritical calculation.
A60: 4. Percentage Yield based on total Nett. qty actual weighing.

Sheet SPR Batch17
A1: PROCESS CERTIFICATE
A3: MATERIAL RECEIPT LIST :
A4: Customer | B4: : Bpk. Bimo (PT. Falih Nur Gemilang) | H4: Issued Date : | I4: 46216
A6: Product Type | B6: Origin | C6: Total Pack (Unit) | D6: Pack Type | E6: Gross (Kg) | F6: Tare (Kg) | G6: Netto ( Kg) | H6: Date of Receipt | I6: Delivery Note Number
A7: RAJANGAN | B7: MADURA | C7: 85 | D7: Ball Goni | E7: 3391 | F7: =G101 -> 105.2 | G7: =E7-F7 -> 3285.8 | H7: 46207 | I7: - | M7: 48
A9: Remark : | M9: 41
A10: 1. Gross qty. Based on Material receipt list. | M10: 25
A11: 2. Tare qty. Based on actual weighing during the process. | M11: 4
A13: SEPARATION RESULTS REPORT :
A14: 1. Material Desc : MADURA
A15: Product Type | B15: Origin | C15: Pack Type | E15: No | F15: Gross (Kg) | G15: Tare (Kg) | H15: Netto ( Kg) | I15: Remark
A16: RAJANGAN | B16: MADURA | C16: Ball Goni | E16: 1 | F16: 35.3 | G16: 1.2 | H16: =F16-G16 -> 34.1 | I16: -
A17: RAJANGAN | B17: MADURA | C17: Ball Goni | E17: =E16+1 -> 2 | F17: 40 | G17: 0.8 | H17: =F17-G17 -> 39.2 | I17: -
A18: RAJANGAN | B18: MADURA | C18: Ball Goni | E18: =E17+1 -> 3 | F18: 39.1 | G18: 1.5 | H18: =F18-G18 -> 37.6 | I18: -
A19: RAJANGAN | B19: MADURA | C19: Ball Goni | E19: =E18+1 -> 4 | F19: 34.7 | G19: 1.2 | H19: =F19-G19 -> 33.5 | I19: -
A20: RAJANGAN | B20: MADURA | C20: Ball Goni | E20: =E19+1 -> 5 | F20: 33.2 | G20: 0.9 | H20: =F20-G20 -> 32.3 | I20: -
A21: RAJANGAN | B21: MADURA | C21: Ball Goni | E21: =E20+1 -> 6 | F21: 41.3 | G21: 1 | H21: =F21-G21 -> 40.3 | I21: -
A22: RAJANGAN | B22: MADURA | C22: Ball Goni | E22: =E21+1 -> 7 | F22: 37.9 | G22: 1.4 | H22: =F22-G22 -> 36.5 | I22: -
A23: RAJANGAN | B23: MADURA | C23: Ball Goni | E23: =E22+1 -> 8 | F23: 39.3 | G23: 1.3 | H23: =F23-G23 -> 38 | I23: -
A24: RAJANGAN | B24: MADURA | C24: Ball Goni | E24: =E23+1 -> 9 | F24: 36.1 | G24: 1 | H24: =F24-G24 -> 35.1 | I24: -
A25: RAJANGAN | B25: MADURA | C25: Ball Goni | E25: =E24+1 -> 10 | F25: 39.1 | G25: 1.7 | H25: =F25-G25 -> 37.4 | I25: -
A26: RAJANGAN | B26: MADURA | C26: Ball Goni | E26: =E25+1 -> 11 | F26: 38.1 | G26: 0.8 | H26: =F26-G26 -> 37.3 | I26: -
A27: RAJANGAN | B27: MADURA | C27: Ball Goni | E27: =E26+1 -> 12 | F27: 37.9 | G27: 1.2 | H27: =F27-G27 -> 36.7 | I27: -
A28: RAJANGAN | B28: MADURA | C28: Ball Goni | E28: =E27+1 -> 13 | F28: 32.1 | G28: 1 | H28: =F28-G28 -> 31.1 | I28: -
... A100: RAJANGAN | B100: MADURA | C100: Ball Goni | E100: =E99+1 -> 85 | F100: 39.5 | G100: 1.1 | H100: =F100-G100 -> 38.4 | I100: -
A101: GRAND TOTAL | E101: =E100 -> 85 | F101: =SUM(F16:F100) -> 3391 | G101: =SUM(G16:G100) -> 105.2 | H101: =SUM(H16:H98) -> 3203
A103: Separation Result :
A104: Product Type | B104: Origin | C104: Pack Type | E104: Product Qty (Kg) | F104: Bits Stem Qty (Kg) | G104: Dust Qty (Kg) | H104: Uncountable Waste Qty (Kg) | I104: TOTAL Qty (Kg)
A105: RAJANGAN | B105: =B100 -> MADURA | C105: Ball Goni | E105: 2936.8 | F105: 201.9 | G105: 60.7 | H105: =IF(E105="","",(H101-E105-F105-G105)) -> 3.6 | I105: =IF(E105="","",SUM(E105:H105)) -> 3203
A106: PERCENTAGE (YIELD) | E106: =IF(E105="","",E105/$H101) -> 0.91689042 | F106: =IF(F105="","",F105/$H101) -> 0.063034655 | G106: =IF(G105="","",G105/$H101) -> 0.018950983 | H106: =IF(H105="","",H105/$H101) -> 0.0011239463 | I106: =IF(I105="","",SUM(E106:H106)) -> 1
A107: Remark :
A108: 1. Gross qty. based on actual weighing during the process.
A109: 2. Tare qty. based on actual weighing during the process.
A110: 3. Uncountable waste qty. based on teoritical calculation.
A111: 4. Percentage Yield based on total Nett. qty actual weighing.

Sheet SPR Batch18
A1: PROCESS CERTIFICATE
A3: MATERIAL RECEIPT LIST :
A4: Customer | B4: : Bpk. Bimo (PT. Falih Nur Gemilang) | H4: Issued Date : | I4: 46221
A6: Product Type | B6: Origin | C6: Total Pack (Unit) | D6: Pack Type | E6: Gross (Kg) | F6: Tare (Kg) | G6: Netto ( Kg) | H6: Date of Receipt | I6: Delivery Note Number
A7: RAJANGAN | B7: MADURA | C7: 168 | D7: Ball Goni | E7: =F184 -> 7158.6 | F7: =G184 -> 199.4 | G7: =E7-F7 -> 6959.2 | H7: 46209 | I7: -
A9: Remark :
A10: 1. Gross qty. Based on Material receipt list.
A11: 2. Tare qty. Based on actual weighing during the process.
A13: SEPARATION RESULTS REPORT :
A14: 1. Material Desc : MADURA
A15: Product Type | B15: Origin | C15: Pack Type | E15: No | F15: Gross (Kg) | G15: Tare (Kg) | H15: Netto ( Kg) | I15: Remark | K15: SELISIH TIMBANGAN PROSES 5 BALL
A16: RAJANGAN | B16: MADURA | C16: Ball Goni | E16: 1 | F16: 42.7 | G16: 1.2 | H16: =F16-G16 -> 41.5 | I16: -
A17: RAJANGAN | B17: MADURA | C17: Ball Goni | E17: =E16+1 -> 2 | F17: 43.9 | G17: 1.1 | H17: =F17-G17 -> 42.8 | I17: - | K17: 12
A18: RAJANGAN | B18: MADURA | C18: Ball Goni | E18: =E17+1 -> 3 | F18: 40.9 | G18: 1.1 | H18: =F18-G18 -> 39.8 | I18: - | K18: 28
A19: RAJANGAN | B19: MADURA | C19: Ball Goni | E19: =E18+1 -> 4 | F19: 49.5 | G19: 1.3 | H19: =F19-G19 -> 48.2 | I19: - | K19: 46
A20: RAJANGAN | B20: MADURA | C20: Ball Goni | E20: =E19+1 -> 5 | F20: 42.6 | G20: 1 | H20: =F20-G20 -> 41.6 | I20: - | K20: 51
A21: RAJANGAN | B21: MADURA | C21: Ball Goni | E21: =E20+1 -> 6 | F21: 46.5 | G21: 1 | H21: =F21-G21 -> 45.5 | I21: - | K21: 64
A22: RAJANGAN | B22: MADURA | C22: Ball Goni | E22: =E21+1 -> 7 | F22: 46.3 | G22: 1 | H22: =F22-G22 -> 45.3 | I22: - | K22: 29
A23: RAJANGAN | B23: MADURA | C23: Ball Goni | E23: =E22+1 -> 8 | F23: 44 | G23: 0.8 | H23: =F23-G23 -> 43.2 | I23: - | K23: 6
A24: RAJANGAN | B24: MADURA | C24: Ball Goni | E24: =E23+1 -> 9 | F24: 44 | G24: 0.8 | H24: =F24-G24 -> 43.2 | I24: - | K24: 9
A25: RAJANGAN | B25: MADURA | C25: Ball Goni | E25: =E24+1 -> 10 | F25: 41.9 | G25: 1.3 | H25: =F25-G25 -> 40.6 | I25: - | K25: =SUM(K17:K24) -> 245 | L25: =K25*25 -> 6125
A26: RAJANGAN | B26: MADURA | C26: Ball Goni | E26: =E25+1 -> 11 | F26: 44.9 | G26: 1.2 | H26: =F26-G26 -> 43.7 | I26: - | L26: 20.4
A27: RAJANGAN | B27: MADURA | C27: Ball Goni | E27: =E26+1 -> 12 | F27: 42.6 | G27: 1.4 | H27: =F27-G27 -> 41.2 | I27: - | L27: =SUM(L25:L26) -> 6145.4
A28: RAJANGAN | B28: MADURA | C28: Ball Goni | E28: =E27+1 -> 13 | F28: 41 | G28: 0.9 | H28: =F28-G28 -> 40.1 | I28: -
A29: RAJANGAN | B29: MADURA | C29: Ball Goni | E29: =E28+1 -> 14 | F29: 43.7 | G29: 0.8 | H29: =F29-G29 -> 42.9 | I29: -
A30: RAJANGAN | B30: MADURA | C30: Ball Goni | E30: =E29+1 -> 15 | F30: 43.2 | G30: 1.1 | H30: =F30-G30 -> 42.1 | I30: -
A31: RAJANGAN | B31: MADURA | C31: Ball Goni | E31: =E30+1 -> 16 | F31: 40.5 | G31: 0.9 | H31: =F31-G31 -> 39.6 | I31: -
A32: RAJANGAN | B32: MADURA | C32: Ball Goni | E32: =E31+1 -> 17 | F32: 43.8 | G32: 1.1 | H32: =F32-G32 -> 42.7 | I32: -
A33: RAJANGAN | B33: MADURA | C33: Ball Goni | E33: =E32+1 -> 18 | F33: 41.8 | G33: 1.2 | H33: =F33-G33 -> 40.6 | I33: -
A34: RAJANGAN | B34: MADURA | C34: Ball Goni | E34: =E33+1 -> 19 | F34: 38.9 | G34: 0.8 | H34: =F34-G34 -> 38.1 | I34: -
A35: RAJANGAN | B35: MADURA | C35: Ball Goni | E35: =E34+1 -> 20 | F35: 42 | G35: 1.1 | H35: =F35-G35 -> 40.9 | I35: -
A36: RAJANGAN | B36: MADURA | C36: Ball Goni | E36: =E35+1 -> 21 | F36: 41.1 | G36: 1 | H36: =F36-G36 -> 40.1 | I36: -
A37: RAJANGAN | B37: MADURA | C37: Ball Goni | E37: =E36+1 -> 22 | F37: 45.7 | G37: 1.1 | H37: =F37-G37 -> 44.6 | I37: -
A38: RAJANGAN | B38: MADURA | C38: Ball Goni | E38: =E37+1 -> 23 | F38: 47.1 | G38: 1 | H38: =F38-G38 -> 46.1 | I38: -
A39: RAJANGAN | B39: MADURA | C39: Ball Goni | E39: =E38+1 -> 24 | F39: 43.7 | G39: 1.3 | H39: =F39-G39 -> 42.4 | I39: -
... A183: RAJANGAN | B183: MADURA | C183: Ball Goni | E183: =E182+1 -> 168 | F183: 38.5 | G183: 1.2 | H183: =F183-G183 -> 37.3 | I183: -
A184: GRAND TOTAL | E184: =E183 -> 168 | F184: =SUM(F16:F183) -> 7158.6 | G184: =SUM(G16:G183) -> 199.4 | H184: =SUM(H16:H181) -> 6876.3
A186: Separation Result :
A187: Product Type | B187: Origin | C187: Pack Type | E187: Product Qty (Kg) | F187: Bits Stem Qty (Kg) | G187: Dust Qty (Kg) | H187: Uncountable Waste Qty (Kg) | I187: TOTAL Qty (Kg) | L187: lap | M187: sj
A188: RAJANGAN | B188: =B183 -> MADURA | C188: Ball Goni | E188: 6145.5 | F188: 515.6 | G188: 135.1 | H188: =IF(E188="","",(H184-E188-F188-G188)) -> 80.1 | I188: =IF(E188="","",SUM(E188:H188)) -> 6876.3 | L188: 6145.4
A189: PERCENTAGE (YIELD) | E189: =IF(E188="","",E188/$H184) -> 0.89372191 | F189: =IF(F188="","",F188/$H184) -> 0.074982185 | G189: =IF(G188="","",G188/$H184) -> 0.019647194 | H189: =IF(H188="","",H188/$H184) -> 0.011648706 | I189: =IF(I188="","",SUM(E189:H189)) -> 1
A190: Remark :
A191: 1. Gross qty. based on actual weighing during the process.
A192: 2. Tare qty. based on actual weighing during the process.
A193: 3. Uncountable waste qty. based on teoritical calculation.
A194: 4. Percentage Yield based on total Nett. qty actual weighing.

Sheet SPR Batch19
A1: PROCESS CERTIFICATE
A3: DELIVERY NOTE :
A4: Customer | B4: : Bpk. Bimo (PT. Falih Nur Gemilang) | H4: Issued Date : | I4: 46216
A6: Product Type | B6: Origin | C6: Total Pack (Unit) | D6: Pack Type | E6: Gross (Kg) | F6: Tare (Kg) | G6: Netto ( Kg) | H6: Date of Receipt | I6: Delivery Note Number
A7: RAJANGAN | B7: REMBANG (P8B4) | C7: 46 | D7: Ball Goni | E7: 2027.2 | F7: =G64 -> 63.6 | G7: =E7-F7 -> 1963.6 | H7: 46206 | I7: SJ/FNG/VTC/06/26
A9: Remark :
A10: 1. Gross qty. Based on Delivery Note.
A11: 2. Tare qty. Based on actual weighing during the process.
A13: SEPARATION RESULTS REPORT :
A14: 1. Material Desc : REMBANG (P8B4)
A15: Product Type | B15: Origin | C15: Pack Type | E15: No | F15: Gross (Kg) | G15: Tare (Kg) | H15: Netto ( Kg) | I15: Remark
A16: RAJANGAN | B16: REMBANG | C16: Ball Goni | E16: 1 | F16: 51.8 | G16: 1 | H16: =F16-G16 -> 50.8 | I16: -
A17: RAJANGAN | B17: REMBANG | C17: Ball Goni | E17: =E16+1 -> 2 | F17: 47.2 | G17: 1 | H17: =F17-G17 -> 46.2 | I17: -
A18: RAJANGAN | B18: REMBANG | C18: Ball Goni | E18: =E17+1 -> 3 | F18: 40.3 | G18: 1.7 | H18: =F18-G18 -> 38.6 | I18: -
A19: RAJANGAN | B19: REMBANG | C19: Ball Goni | E19: =E18+1 -> 4 | F19: 49.8 | G19: 1.8 | H19: =F19-G19 -> 48 | I19: -
A20: RAJANGAN | B20: REMBANG | C20: Ball Goni | E20: =E19+1 -> 5 | F20: 48.5 | G20: 1.1 | H20: =F20-G20 -> 47.4 | I20: -
A21: RAJANGAN | B21: REMBANG | C21: Ball Goni | E21: =E20+1 -> 6 | F21: 48.6 | G21: 1.3 | H21: =F21-G21 -> 47.3 | I21: -
A22: RAJANGAN | B22: REMBANG | C22: Ball Goni | E22: =E21+1 -> 7 | F22: 53.3 | G22: 1.7 | H22: =F22-G22 -> 51.6 | I22: -
A23: RAJANGAN | B23: REMBANG | C23: Ball Goni | E23: =E22+1 -> 8 | F23: 50 | G23: 1 | H23: =F23-G23 -> 49 | I23: -
A24: RAJANGAN | B24: REMBANG | C24: Ball Goni | E24: =E23+1 -> 9 | F24: 51.5 | G24: 1.6 | H24: =F24-G24 -> 49.9 | I24: -
A25: RAJANGAN | B25: REMBANG | C25: Ball Goni | E25: =E24+1 -> 10 | F25: 37.2 | G25: 1.3 | H25: =F25-G25 -> 35.9 | I25: -
A26: RAJANGAN | B26: REMBANG | C26: Ball Goni | E26: =E25+1 -> 11 | F26: 47.3 | G26: 1.2 | H26: =F26-G26 -> 46.1 | I26: -
A27: RAJANGAN | B27: REMBANG | C27: Ball Goni | E27: =E26+1 -> 12 | F27: 42.5 | G27: 1.6 | H27: =F27-G27 -> 40.9 | I27: -
A28: RAJANGAN | B28: REMBANG | C28: Ball Goni | E28: =E27+1 -> 13 | F28: 40.8 | G28: 1.6 | H28: =F28-G28 -> 39.2 | I28: -
... A63: RAJANGAN | B63: REMBANG | C63: Sak | E63: =E62+1 -> 48 | F63: 6.4 | G63: 0.2 | H63: =F63-G63 -> 6.2 | I63: Remnant
A64: GRAND TOTAL | E64: =E63 -> 48 | F64: =SUM(F16:F63) -> 2028.1 | G64: =SUM(G16:G63) -> 63.6 | H64: =SUM(H16:H61) -> 1940.5
A66: Separation Result :
A67: Product Type | B67: Origin | C67: Pack Type | E67: Product Qty (Kg) | F67: Bits Stem Qty (Kg) | G67: Dust Qty (Kg) | H67: Uncountable Waste Qty (Kg) | I67: TOTAL Qty (Kg)
A68: RAJANGAN | B68: =B59 -> REMBANG | C68: =C59 -> Ball Goni | E68: 1646.4 | F68: 227.7 | G68: 59 | H68: =IF(E68="","",(H64-E68-F68-G68)) -> 7.4 | I68: =IF(E68="","",SUM(E68:H68)) -> 1940.5
A69: PERCENTAGE (YIELD) | E69: =IF(E68="","",E68/$H64) -> 0.84844112 | F69: =IF(F68="","",F68/$H64) -> 0.11734089 | G69: =IF(G68="","",G68/$H64) -> 0.030404535 | H69: =IF(H68="","",H68/$H64) -> 0.0038134501 | I69: =IF(I68="","",SUM(E69:H69)) -> 1
A70: Remark :
A71: 1. Gross qty. based on actual weighing during the process.
A72: 2. Tare qty. based on actual weighing during the process.
A73: 3. Uncountable waste qty. based on teoritical calculation.
A74: 4. Percentage Yield based on total Nett. qty actual weighing.

Sheet SPR Batch20
A1: PROCESS CERTIFICATE
A3: DELIVERY NOTE :
A4: Customer | B4: : Bpk. Bimo (PT. Falih Nur Gemilang) | H4: Issued Date : | I4: 46216
A6: Product Type | B6: Origin | C6: Total Pack (Unit) | D6: Pack Type | E6: Gross (Kg) | F6: Tare (Kg) | G6: Netto ( Kg) | H6: Date of Receipt | I6: Delivery Note Number
A7: RAJANGAN | B7: TEMANGGUNG | C7: 10 | D7: C48 | E7: 1355 | F7: =G26 -> 120.5 | G7: =E7-F7 -> 1234.5 | H7: 46210 | I7: SJ/FNG/VT/07/07/26 | K7: =E7/10 -> 135.5
A9: Remark :
A10: 1. Gross qty. Based on Delivery Note.
A11: 2. Tare qty. Based on actual weighing during the process.
A13: SEPARATION RESULTS REPORT :
A14: 1. Material Desc : TEMANGGUNG
A15: Product Type | B15: Origin | C15: Pack Type | E15: No | F15: Gross (Kg) | G15: Tare (Kg) | H15: Netto ( Kg) | I15: Remark
A16: RAJANGAN | B16: TEMANGGUNG | C16: C48 | E16: 1 | F16: 135.5 | G16: 12.1 | H16: =F16-G16 -> 123.4 | I16: -
A17: RAJANGAN | B17: TEMANGGUNG | C17: C48 | E17: =E16+1 -> 2 | F17: =F16 -> 135.5 | G17: 12 | H17: =F17-G17 -> 123.5 | I17: -
A18: RAJANGAN | B18: TEMANGGUNG | C18: C48 | E18: =E17+1 -> 3 | F18: =F17 -> 135.5 | G18: 12 | H18: =F18-G18 -> 123.5 | I18: -
A19: RAJANGAN | B19: TEMANGGUNG | C19: C48 | E19: =E18+1 -> 4 | F19: =F18 -> 135.5 | G19: 12 | H19: =F19-G19 -> 123.5 | I19: -
A20: RAJANGAN | B20: TEMANGGUNG | C20: C48 | E20: =E19+1 -> 5 | F20: =F19 -> 135.5 | G20: 13.1 | H20: =F20-G20 -> 122.4 | I20: -
A21: RAJANGAN | B21: TEMANGGUNG | C21: C48 | E21: =E20+1 -> 6 | F21: =F20 -> 135.5 | G21: 12 | H21: =F21-G21 -> 123.5 | I21: -
A22: RAJANGAN | B22: TEMANGGUNG | C22: C48 | E22: =E21+1 -> 7 | F22: =F21 -> 135.5 | G22: 12.1 | H22: =F22-G22 -> 123.4 | I22: -
A23: RAJANGAN | B23: TEMANGGUNG | C23: C48 | E23: =E22+1 -> 8 | F23: =F22 -> 135.5 | G23: 12.1 | H23: =F23-G23 -> 123.4 | I23: -
A24: RAJANGAN | B24: TEMANGGUNG | C24: C48 | E24: =E23+1 -> 9 | F24: =F23 -> 135.5 | G24: 11 | H24: =F24-G24 -> 124.5 | I24: -
A25: RAJANGAN | B25: TEMANGGUNG | C25: C48 | E25: =E24+1 -> 10 | F25: =F24 -> 135.5 | G25: 12.1 | H25: =F25-G25 -> 123.4 | I25: -
A26: GRAND TOTAL | E26: =E25 -> 10 | F26: =SUM(F16:F25) -> 1355 | G26: =SUM(G16:G25) -> 120.5 | H26: =SUM(H16:H25) -> 1234.5
A28: Separation Result :
A29: Product Type | B29: Origin | C29: Pack Type | E29: Product Qty (Kg) | F29: Bits Stem Qty (Kg) | G29: Dust Qty (Kg) | H29: Uncountable Waste Qty (Kg) | I29: TOTAL Qty (Kg)
A30: RAJANGAN | B30: =B23 -> TEMANGGUNG | C30: =C23 -> C48 | E30: 752.3 | F30: 444.2 | G30: 17.6 | H30: =IF(E30="","",(H26-E30-F30-G30)) -> 20.4 | I30: =IF(E30="","",SUM(E30:H30)) -> 1234.5
A31: PERCENTAGE (YIELD) | E31: =IF(E30="","",E30/$H26) -> 0.60939652 | F31: =IF(F30="","",F30/$H26) -> 0.35982179 | G31: =IF(G30="","",G30/$H26) -> 0.014256784 | H31: =IF(H30="","",H30/$H26) -> 0.016524909 | I31: =IF(I30="","",SUM(E31:H31)) -> 1
A32: Remark :
A33: 1. Gross qty. based on average minus teoritical tare weight
A34: 2. Tare qty. based on actual weighing during the process.
A35: 3. Uncountable waste qty. based on teoritical calculation.
A36: 4. Percentage Yield based on total Nett. qty actual weighing.

Sheet SPR Batch21
A1: PROCESS CERTIFICATE
A3: DELIVERY NOTE :
A4: Customer | B4: : Bpk. Bimo (PT. Falih Nur Gemilang) | H4: Issued Date : | I4: 46216
A6: Product Type | B6: Origin | C6: Total Pack (Unit) | D6: Pack Type | E6: Gross (Kg) | F6: Tare (Kg) | G6: Netto ( Kg) | H6: Date of Receipt | I6: Delivery Note Number
A7: RAJANGAN | B7: LOMBOK'25 | C7: 40 | D7: Ball Goni | E7: 2010.7 | F7: =G57 -> 45.7 | G7: =E7-F7 -> 1965 | H7: 46212 | I7: SJ/FNG/VT/06/26 | K7: =E7/11 -> 182.79091
A9: Remark :
A10: 1. Gross qty. Based on Delivery Note.
A11: 2. Tare qty. Based on actual weighing during the process.
A13: SEPARATION RESULTS REPORT :
A14: 1. Material Desc : LOMBOK'25
A15: Product Type | B15: Origin | C15: Pack Type | E15: No | F15: Gross (Kg) | G15: Tare (Kg) | H15: Netto ( Kg) | I15: Remark
A16: RAJANGAN | B16: LOMBOK'25 | C16: Ball Goni | E16: 1 | F16: 49.2 | G16: 1 | H16: =F16-G16 -> 48.2 | I16: -
A17: RAJANGAN | B17: LOMBOK'25 | C17: Ball Goni | E17: =E16+1 -> 2 | F17: 53.6 | G17: 1 | H17: =F17-G17 -> 52.6 | I17: -
A18: RAJANGAN | B18: LOMBOK'25 | C18: Ball Goni | E18: =E17+1 -> 3 | F18: 55.1 | G18: 1.1 | H18: =F18-G18 -> 54 | I18: -
A19: RAJANGAN | B19: LOMBOK'25 | C19: Ball Goni | E19: =E18+1 -> 4 | F19: 50.1 | G19: 1.5 | H19: =F19-G19 -> 48.6 | I19: -
A20: RAJANGAN | B20: LOMBOK'25 | C20: Ball Goni | E20: =E19+1 -> 5 | F20: 50.3 | G20: 1 | H20: =F20-G20 -> 49.3 | I20: -
A21: RAJANGAN | B21: LOMBOK'25 | C21: Ball Goni | E21: =E20+1 -> 6 | F21: 53.9 | G21: 1 | H21: =F21-G21 -> 52.9 | I21: -
A22: RAJANGAN | B22: LOMBOK'25 | C22: Ball Goni | E22: =E21+1 -> 7 | F22: 50.3 | G22: 1.2 | H22: =F22-G22 -> 49.1 | I22: -
A23: RAJANGAN | B23: LOMBOK'25 | C23: Ball Goni | E23: =E22+1 -> 8 | F23: 53.7 | G23: 1.3 | H23: =F23-G23 -> 52.4 | I23: -
A24: RAJANGAN | B24: LOMBOK'25 | C24: Ball Goni | E24: =E23+1 -> 9 | F24: 50.9 | G24: 1 | H24: =F24-G24 -> 49.9 | I24: -
A25: RAJANGAN | B25: LOMBOK'25 | C25: Ball Goni | E25: =E24+1 -> 10 | F25: 49.3 | G25: 1.2 | H25: =F25-G25 -> 48.1 | I25: -
A26: RAJANGAN | B26: LOMBOK'25 | C26: Ball Goni | E26: =E25+1 -> 11 | F26: 52.2 | G26: 1 | H26: =F26-G26 -> 51.2 | I26: -
A27: RAJANGAN | B27: LOMBOK'25 | C27: Ball Goni | E27: =E26+1 -> 12 | F27: 48.2 | G27: 1.5 | H27: =F27-G27 -> 46.7 | I27: -
A28: RAJANGAN | B28: LOMBOK'25 | C28: Ball Goni | E28: =E27+1 -> 13 | F28: 51.3 | G28: 1.2 | H28: =F28-G28 -> 50.1 | I28: -
... A56: RAJANGAN | B56: LOMBOK'25 | C56: Ball Goni | E56: =E55+1 -> 41 | F56: 11.1 | G56: 0.2 | H56: =F56-G56 -> 10.9 | I56: Remnant
A57: GRAND TOTAL | E57: =E56 -> 41 | F57: =SUM(F16:F56) -> 2016.3 | G57: =SUM(G16:G56) -> 45.7 | H57: =SUM(H16:H56) -> 1970.6
A59: Separation Result :
A60: Product Type | B60: Origin | C60: Pack Type | E60: Product Qty (Kg) | F60: Bits Stem Qty (Kg) | G60: Dust Qty (Kg) | H60: Uncountable Waste Qty (Kg) | I60: TOTAL Qty (Kg)
A61: RAJANGAN | B61: =B54 -> LOMBOK'25 | C61: =C51 -> Ball Goni | E61: 1642.2 | F61: 298.9 | G61: 23.2 | H61: =IF(E61="","",(H57-E61-F61-G61)) -> 6.3 | I61: =IF(E61="","",SUM(E61:H61)) -> 1970.6
A62: PERCENTAGE (YIELD) | E62: =IF(E61="","",E61/$H57) -> 0.83335025 | F62: =IF(F61="","",F61/$H57) -> 0.15167969 | G62: =IF(G61="","",G61/$H57) -> 0.011773064 | H62: =IF(H61="","",H61/$H57) -> 0.0031969958 | I62: =IF(I61="","",SUM(E62:H62)) -> 1
A63: Remark :
A64: 1. Gross qty. based on actual weighing during the process.
A65: 2. Tare qty. based on actual weighing during the process.
A66: 3. Uncountable waste qty. based on teoritical calculation.
A67: 4. Percentage Yield based on total Nett. qty actual weighing.

Sheet SPR Batch22
A1: PROCESS CERTIFICATE
A3: DELIVERY NOTE :
A4: Customer | B4: : Bpk. Bimo (PT. Falih Nur Gemilang) | H4: Issued Date : | I4: 46220
A6: Product Type | B6: Origin | C6: Total Pack (Unit) | D6: Pack Type | E6: Gross (Kg) | F6: Tare (Kg) | G6: Netto ( Kg) | H6: Date of Receipt | I6: Delivery Note Number
A7: RAJANGAN | B7: TEMANGGUNG FN405 | C7: 10 | D7: C48 | E7: 1378 | F7: =G26 -> 118.5 | G7: =E7-F7 -> 1259.5 | H7: 46213 | I7: SJ/FNG/VT/10/07/26 | K7: =E7/C7 -> 137.8
A9: Remark :
A10: 1. Gross qty. Based on Delivery Note.
A11: 2. Tare qty. Based on actual weighing during the process.
A13: SEPARATION RESULTS REPORT :
A14: 1. Material Desc : TEMANGGUNG FN405
A15: Product Type | B15: Origin | C15: Pack Type | E15: No | F15: Gross (Kg) | G15: Tare (Kg) | H15: Netto ( Kg) | I15: Remark
A16: RAJANGAN | B16: TEMANGGUNG | C16: C48 | E16: 1 | F16: =K7 -> 137.8 | G16: 12.1 | H16: =F16-G16 -> 125.7 | I16: -
A17: RAJANGAN | B17: TEMANGGUNG | C17: C48 | E17: =E16+1 -> 2 | F17: =F16 -> 137.8 | G17: 12 | H17: =F17-G17 -> 125.8 | I17: -
A18: RAJANGAN | B18: TEMANGGUNG | C18: C48 | E18: =E17+1 -> 3 | F18: =F17 -> 137.8 | G18: 12 | H18: =F18-G18 -> 125.8 | I18: -
A19: RAJANGAN | B19: TEMANGGUNG | C19: C48 | E19: =E18+1 -> 4 | F19: =F18 -> 137.8 | G19: 11.1 | H19: =F19-G19 -> 126.7 | I19: -
A20: RAJANGAN | B20: TEMANGGUNG | C20: C48 | E20: =E19+1 -> 5 | F20: =F19 -> 137.8 | G20: 12.1 | H20: =F20-G20 -> 125.7 | I20: -
A21: RAJANGAN | B21: TEMANGGUNG | C21: C48 | E21: =E20+1 -> 6 | F21: =F20 -> 137.8 | G21: 12 | H21: =F21-G21 -> 125.8 | I21: -
A22: RAJANGAN | B22: TEMANGGUNG | C22: C48 | E22: =E21+1 -> 7 | F22: =F21 -> 137.8 | G22: 12 | H22: =F22-G22 -> 125.8 | I22: -
A23: RAJANGAN | B23: TEMANGGUNG | C23: C48 | E23: =E22+1 -> 8 | F23: =F22 -> 137.8 | G23: 11.1 | H23: =F23-G23 -> 126.7 | I23: -
A24: RAJANGAN | B24: TEMANGGUNG | C24: C48 | E24: =E23+1 -> 9 | F24: =F23 -> 137.8 | G24: 12.1 | H24: =F24-G24 -> 125.7 | I24: -
A25: RAJANGAN | B25: TEMANGGUNG | C25: C48 | E25: =E24+1 -> 10 | F25: =F24 -> 137.8 | G25: 12 | H25: =F25-G25 -> 125.8 | I25: -
A26: GRAND TOTAL | E26: =E25 -> 10 | F26: =SUM(F16:F25) -> 1378 | G26: =SUM(G16:G25) -> 118.5 | H26: =SUM(H16:H25) -> 1259.5
A28: Separation Result :
A29: Product Type | B29: Origin | C29: Pack Type | E29: Product Qty (Kg) | F29: Bits Stem Qty (Kg) | G29: Dust Qty (Kg) | H29: Uncountable Waste Qty (Kg) | I29: TOTAL Qty (Kg)
A30: RAJANGAN | B30: =B23 -> TEMANGGUNG | C30: =C23 -> C48 | E30: 737.5 | F30: =475.8 -> 475.8 | G30: 30.5 | H30: =IF(E30="","",(H26-E30-F30-G30)) -> 15.7 | I30: =IF(E30="","",SUM(E30:H30)) -> 1259.5 | K30: BASAH, PATAH AS AIRLOCK 2
A31: PERCENTAGE (YIELD) | E31: =IF(E30="","",E30/$H26) -> 0.58554982 | F31: =IF(F30="","",F30/$H26) -> 0.37776896 | G31: =IF(G30="","",G30/$H26) -> 0.024215959 | H31: =IF(H30="","",H30/$H26) -> 0.012465264 | I31: =IF(I30="","",SUM(E31:H31)) -> 1
A32: Remark :
A33: 1. Gross qty. based on average minus teoritical tare weight
A34: 2. Tare qty. based on actual weighing during the process.
A35: 3. Uncountable waste qty. based on teoritical calculation.
A36: 4. Percentage Yield based on total Nett. qty actual weighing.

Sheet SPR Batch23
A1: PROCESS CERTIFICATE
A3: DELIVERY NOTE :
A4: Customer | B4: : Bpk. Bimo (PT. Falih Nur Gemilang) | H4: Issued Date : | I4: 46223
A6: Product Type | B6: Origin | C6: Total Pack (Unit) | D6: Pack Type | E6: Gross (Kg) | F6: Tare (Kg) | G6: Netto ( Kg) | H6: Date of Receipt | I6: Delivery Note Number
A7: RAJANGAN | B7: LOMBOK'24 | C7: 49 | D7: Ball Goni | E7: 2183.9 | F7: =G75 -> 84 | G7: =E7-F7 -> 2099.9 | H7: 46221 | I7: -
A9: Remark :
A10: 1. Gross qty. Based on Delivery Note.
A11: 2. Tare qty. Based on actual weighing during the process.
A13: MATERIAL RECEIPT LIST :
A15: Product Type | B15: Origin | C15: Total Pack (Unit) | D15: Pack Type | E15: Gross (Kg) | F15: Tare (Kg) | G15: Netto ( Kg) | H15: Date of Receipt | I15: Delivery Note Number
A16: RAJANGAN | B16: LOMBOK'24 | C16: 49 | D16: Ball Goni | E16: 2293.2 | F16: =F7 -> 84 | G16: =E16-F16 -> 2209.2 | H16: 46221 | I16: -
A18: Remark :
A19: 1. Gross qty. Based on Material receipt list.
A20: 2. Tare qty. Based on actual weighing during the process.
A22: SEPARATION RESULTS REPORT :
A23: 1. Material Desc : LOMBOK'24
A24: Product Type | B24: Origin | C24: Pack Type | E24: No | F24: Gross (Kg) | G24: Tare (Kg) | H24: Netto ( Kg) | I24: Remark
A25: RAJANGAN | B25: =B7 -> LOMBOK'24 | C25: Ball Goni | E25: 1 | F25: 45.9 | G25: 1.5 | H25: =F25-G25 -> 44.4 | I25: -
A26: RAJANGAN | B26: LOMBOK'24 | C26: Ball Goni | E26: =E25+1 -> 2 | F26: 44.6 | G26: 1.5 | H26: =F26-G26 -> 43.1 | I26: -
A27: RAJANGAN | B27: LOMBOK'24 | C27: Ball Goni | E27: =E26+1 -> 3 | F27: 46 | G27: 1.9 | H27: =F27-G27 -> 44.1 | I27: -
A28: RAJANGAN | B28: LOMBOK'24 | C28: Ball Goni | E28: =E27+1 -> 4 | F28: 49.5 | G28: 1.4 | H28: =F28-G28 -> 48.1 | I28: -
A29: RAJANGAN | B29: LOMBOK'24 | C29: Ball Goni | E29: =E28+1 -> 5 | F29: 46.6 | G29: 1.6 | H29: =F29-G29 -> 45 | I29: -
A30: RAJANGAN | B30: LOMBOK'24 | C30: Ball Goni | E30: =E29+1 -> 6 | F30: 49.2 | G30: 1.4 | H30: =F30-G30 -> 47.8 | I30: -
A31: RAJANGAN | B31: LOMBOK'24 | C31: Ball Goni | E31: =E30+1 -> 7 | F31: 45.8 | G31: 1.3 | H31: =F31-G31 -> 44.5 | I31: -
A32: RAJANGAN | B32: LOMBOK'24 | C32: Ball Goni | E32: =E31+1 -> 8 | F32: 42.7 | G32: 1.4 | H32: =F32-G32 -> 41.3 | I32: -
A33: RAJANGAN | B33: LOMBOK'24 | C33: Ball Goni | E33: =E32+1 -> 9 | F33: 47.3 | G33: 1.4 | H33: =F33-G33 -> 45.9 | I33: -
A34: RAJANGAN | B34: LOMBOK'24 | C34: Ball Goni | E34: =E33+1 -> 10 | F34: 46.6 | G34: 1.9 | H34: =F34-G34 -> 44.7 | I34: -
A35: RAJANGAN | B35: LOMBOK'24 | C35: Ball Goni | E35: =E34+1 -> 11 | F35: 46.2 | G35: 1.5 | H35: =F35-G35 -> 44.7 | I35: -
A36: RAJANGAN | B36: LOMBOK'24 | C36: Ball Goni | E36: =E35+1 -> 12 | F36: 43.6 | G36: 2 | H36: =F36-G36 -> 41.6 | I36: -
A37: RAJANGAN | B37: LOMBOK'24 | C37: Ball Goni | E37: =E36+1 -> 13 | F37: 36.3 | G37: 2.1 | H37: =F37-G37 -> 34.2 | I37: -
... A71: RAJANGAN | B71: LOMBOK'24 | C71: Ball Goni | E71: =E70+1 -> 47 | F71: 52 | G71: 1.9 | H71: =F71-G71 -> 50.1 | I71: -
A72: RAJANGAN | B72: LOMBOK'24 | C72: Ball Goni | E72: =E71+1 -> 48 | F72: 45.2 | G72: 1.7 | H72: =F72-G72 -> 43.5 | I72: - | K72: 166.5
A73: RAJANGAN | B73: LOMBOK'24 | C73: Ball Goni | E73: =E72+1 -> 49 | F73: 36.7 | G73: 1.5 | H73: =F73-G73 -> 35.2 | I73: - | K73: 163.1 | M73: h
A74: RAJANGAN | B74: LOMBOK'24 | C74: Ball Goni | E74: =E73+1 -> 50 | F74: 16.2 | G74: 0.2 | H74: =F74-G74 -> 16 | I74: Remnant | K74: 48 | L74: =E7-F75 -> -109.3 | M74: 52
A75: GRAND TOTAL | E75: =E74 -> 50 | F75: =SUM(F25:F74) -> 2293.2 | G75: =SUM(G25:G74) -> 84 | H75: =SUM(H25:H74) -> 2209.2 | K75: =SUM(K72:K74) -> 377.6 | M75: 19 | N75: 18.2
A77: Separation Result : | M77: =SUM(M74:M76) -> 71 | N77: =(71*25)+18.2 -> 1793.2
A78: Product Type | B78: Origin | C78: Pack Type | E78: Product Qty (Kg) | F78: Bits Stem Qty (Kg) | G78: Dust Qty (Kg) | H78: Uncountable Waste Qty (Kg) | I78: TOTAL Qty (Kg) | L78: 2183.9
A79: RAJANGAN | B79: =B73 -> LOMBOK'24 | C79: =C71 -> Ball Goni | E79: 1793.2 | F79: 377.6 | G79: 29.8 | H79: =IF(E79="","",(H75-E79-F79-G79)) -> 8.6 | I79: =IF(E79="","",SUM(E79:H79)) -> 2209.2
A80: PERCENTAGE (YIELD) | E80: =IF(E79="","",E79/$H75) -> 0.81169654 | F80: =IF(F79="","",F79/$H75) -> 0.1709216 | G80: =IF(G79="","",G79/$H75) -> 0.013489046 | H80: =IF(H79="","",H79/$H75) -> 0.0038928119 | I80: =IF(I79="","",SUM(E80:H80)) -> 1
A81: Remark :
A82: 1. Gross qty. based on actual weighing during the process.
A83: 2. Tare qty. based on actual weighing during the process.
A84: 3. Uncountable waste qty. based on teoritical calculation.
A85: 4. Percentage Yield based on total Nett. qty actual weighing.

Sheet SPR Batch24
A1: PROCESS CERTIFICATE
A3: DELIVERY NOTE (DN) :
A4: Customer | B4: : PT. Falih Nur Gemilang | H4: Issued Date : | I4: 46232
A6: Product Type | B6: Origin | C6: Total Pack (Unit) | D6: Pack Type | E6: Gross (Kg) | F6: Tare (Kg) | G6: Netto ( Kg) | H6: Date of Receipt | I6: Delivery Note Number
A7: RAJANGAN | B7: TEMANGGUNG FN504 | C7: 8 | D7: C48 | E7: 1033.5 | F7: =G36 -> 94.2 | G7: =E7-F7 -> 939.3 | H7: 46223 | I7: SJ/FNG/VT/20/07/26 | K7: =E7/C7 -> 129.1875
A8: RAJANGAN | B8: KASTURI FN602 | C8: 31 | D8: Ball Goni | E8: 1194.8 | F8: =G81 -> 31.6 | G8: =E8-F8 -> 1163.2 | H8: 46223 | I8: SJ/FNG/VT/20/07/26
A9: RAJANGAN | B9: PAITON P10T5 | C9: 22 | D9: Ball Goni | E9: 1022.6 | F9: =G118 -> 26 | G9: =E9-F9 -> 996.6 | H9: 46223 | I9: SJ/FNG/VT/20/07/26
A11: Remark :
A12: 1. Gross qty. Based on Delivery Note.
A13: 2. Tare qty. Based on actual weighing during the process.
A15: MATERIAL RECEIPT LIST (MRL) :
A17: Product Type | B17: Origin | C17: Total Pack (Unit) | D17: Pack Type | E17: Gross (Kg) | F17: Tare (Kg) | G17: Netto ( Kg) | H17: Date of Receipt | I17: Weight Discrepancy DN vs MRL (Kg)
A18: RAJANGAN | B18: TEMANGGUNG FN504 | C18: 8 | D18: C48 | E18: 1033.5 | F18: =F7 -> 94.2 | G18: =E18-F18 -> 939.3 | H18: 46223 | I18: =E18-E7 -> 0
A19: RAJANGAN | B19: KASTURI FN602 | C19: 31 | D19: Ball Goni | E19: 1270.6 | F19: =F8 -> 31.6 | G19: =E19-F19 -> 1239 | H19: 46223 | I19: =E19-E8 -> 75.8
A20: RAJANGAN | B20: PAITON P10T5 | C20: 22 | D20: Ball Goni | E20: 1048 | F20: =F9 -> 26 | G20: =E20-F20 -> 1022 | H20: 46223 | I20: =E20-E9 -> 25.4
A22: Remark :
A23: 1. Gross qty. Based on Material receipt list.
A24: 2. Tare qty. Based on actual weighing during the process.
A25: SEPARATION RESULTS REPORT :
A26: 1. Material Desc : TEMANGGUNG FN504
A27: Product Type | B27: Origin | C27: Pack Type | E27: No | F27: Gross (Kg) | G27: Tare (Kg) | H27: Netto ( Kg) | I27: Remark | K27: g
A28: RAJANGAN | B28: TEMANGGUNG FN504 | C28: =D7 -> C48 | E28: 1 | F28: =K7 -> 129.1875 | G28: 11.9 | H28: =F28-G28 -> 117.2875 | I28: - | K28: 34.7
A29: RAJANGAN | B29: TEMANGGUNG FN504 | C29: =C28 -> C48 | E29: =E28+1 -> 2 | F29: =F28 -> 129.1875 | G29: 12 | H29: =F29-G29 -> 117.1875 | I29: - | K29: 44
A30: RAJANGAN | B30: TEMANGGUNG FN504 | C30: =C29 -> C48 | E30: =E29+1 -> 3 | F30: =F29 -> 129.1875 | G30: 12 | H30: =F30-G30 -> 117.1875 | I30: - | K30: 34.3
A31: RAJANGAN | B31: TEMANGGUNG FN504 | C31: =C30 -> C48 | E31: =E30+1 -> 4 | F31: =F30 -> 129.1875 | G31: 10.9 | H31: =F31-G31 -> 118.2875 | I31: - | K31: 27.3
A32: RAJANGAN | B32: TEMANGGUNG FN504 | C32: =C31 -> C48 | E32: =E31+1 -> 5 | F32: =F31 -> 129.1875 | G32: 12 | H32: =F32-G32 -> 117.1875 | I32: - | K32: 37.3
A33: RAJANGAN | B33: TEMANGGUNG FN504 | C33: =C32 -> C48 | E33: =E32+1 -> 6 | F33: =F32 -> 129.1875 | G33: 11.9 | H33: =F33-G33 -> 117.2875 | I33: - | K33: 40.1
A34: RAJANGAN | B34: TEMANGGUNG FN504 | C34: =C33 -> C48 | E34: =E33+1 -> 7 | F34: =F33 -> 129.1875 | G34: 11.8 | H34: =F34-G34 -> 117.3875 | I34: - | K34: =SUM(K28:K33) -> 217.7
A35: RAJANGAN | B35: TEMANGGUNG FN504 | C35: =C34 -> C48 | E35: =E34+1 -> 8 | F35: =F34 -> 129.1875 | G35: 11.7 | H35: =F35-G35 -> 117.4875 | I35: -
A36: GRAND TOTAL | E36: =E35 -> 8 | F36: =SUM(F28:F35) -> 1033.5 | G36: =SUM(G28:G35) -> 94.2 | H36: =SUM(H28:H35) -> 939.3
A38: Separation Result :
A39: Product Type | B39: Origin | C39: Pack Type | E39: Product Qty (Kg) | F39: Bits Stem Qty (Kg) | G39: Dust Qty (Kg) | H39: Uncountable Waste Qty (Kg) | I39: TOTAL Qty (Kg)
A40: RAJANGAN | B40: =B35 -> TEMANGGUNG FN504 | C40: =C35 -> C48 | E40: 600 | F40: =K34+K40 -> 245.6 | G40: 15.1 | H40: =IF(E40="","",(H36-E40-F40-G40)) -> 78.6 | I40: =IF(E40="","",SUM(E40:H40)) -> 939.3 | K40: 27.9
A41: PERCENTAGE (YIELD) | E41: =IF(E40="","",E40/$H36) -> 0.63877355 | F41: =IF(F40="","",F40/$H36) -> 0.26147131 | G41: =IF(G40="","",G40/$H36) -> 0.016075801 | H41: =IF(H40="","",H40/$H36) -> 0.083679336 | I41: =IF(I40="","",SUM(E41:H41)) -> 1
A42: Remark :
A43: 1. Gross qty. based on average minus teoritical tare weight
A44: 2. Tare qty. based on actual weighing during the process.
A45: 3. Uncountable waste qty. based on teoritical calculation.
A46: 4. Percentage Yield based on total Nett. qty actual weighing.
A48: 2. Material Desc : KASTURI FN602
A49: Product Type | B49: Origin | C49: Pack Type | E49: No | F49: Gross (Kg) | G49: Tare (Kg) | H49: Netto ( Kg) | I49: Remark | K49: g | L49: d | M49: besar
A50: RAJANGAN | B50: KASTURI | C50: Ball Goni | E50: 1 | F50: 36.5 | G50: 1 | H50: =F50-G50 -> 35.5 | I50: - | K50: 21.1 | L50: 23 | M50: 4
A51: RAJANGAN | B51: =B50 -> KASTURI | C51: Ball Goni | E51: =E50+1 -> 2 | F51: 37.9 | G51: 1 | H51: =F51-G51 -> 36.9 | I51: - | K51: 21.3 | L51: 11
A52: RAJANGAN | B52: =B51 -> KASTURI | C52: Ball Goni | E52: =E51+1 -> 3 | F52: 39.4 | G52: 1 | H52: =F52-G52 -> 38.4 | I52: - | K52: 21.2
A53: RAJANGAN | B53: =B52 -> KASTURI | C53: Ball Goni | E53: =E52+1 -> 4 | F53: 42.7 | G53: 1.2 | H53: =F53-G53 -> 41.5 | I53: - | K53: 21.7
A54: RAJANGAN | B54: =B53 -> KASTURI | C54: Ball Goni | E54: =E53+1 -> 5 | F54: 41.4 | G54: 1 | H54: =F54-G54 -> 40.4 | I54: - | K54: 17.9
A55: RAJANGAN | B55: =B54 -> KASTURI | C55: Ball Goni | E55: =E54+1 -> 6 | F55: 44.6 | G55: 1.1 | H55: =F55-G55 -> 43.5 | I55: - | K55: 27.4
A56: RAJANGAN | B56: =B55 -> KASTURI | C56: Ball Goni | E56: =E55+1 -> 7 | F56: 41.6 | G56: 1.2 | H56: =F56-G56 -> 40.4 | I56: - | K56: 24.8
A57: RAJANGAN | B57: =B56 -> KASTURI | C57: Ball Goni | E57: =E56+1 -> 8 | F57: 39.8 | G57: 1.1 | H57: =F57-G57 -> 38.7 | I57: - | K57: 27
A58: RAJANGAN | B58: =B57 -> KASTURI | C58: Ball Goni | E58: =E57+1 -> 9 | F58: 40.1 | G58: 0.8 | H58: =F58-G58 -> 39.3 | I58: - | K58: 23.2
A59: RAJANGAN | B59: =B58 -> KASTURI | C59: Ball Goni | E59: =E58+1 -> 10 | F59: 44.8 | G59: 0.9 | H59: =F59-G59 -> 43.9 | I59: - | K59: 20.6
A60: RAJANGAN | B60: =B59 -> KASTURI | C60: Ball Goni | E60: =E59+1 -> 11 | F60: 39.2 | G60: 1 | H60: =F60-G60 -> 38.2 | I60: - | K60: 23.9
A61: RAJANGAN | B61: =B60 -> KASTURI | C61: Ball Goni | E61: =E60+1 -> 12 | F61: 41.6 | G61: 1 | H61: =F61-G61 -> 40.6 | I61: - | K61: 25.3
A62: RAJANGAN | B62: =B61 -> KASTURI | C62: Ball Goni | E62: =E61+1 -> 13 | F62: 45.8 | G62: 0.9 | H62: =F62-G62 -> 44.9 | I62: - | K62: 24.9
A63: RAJANGAN | B63: =B62 -> KASTURI | C63: Ball Goni | E63: =E62+1 -> 14 | F63: 42.7 | G63: 1 | H63: =F63-G63 -> 41.7 | I63: - | K63: 25.6
A64: RAJANGAN | B64: =B63 -> KASTURI | C64: Ball Goni | E64: =E63+1 -> 15 | F64: 43.7 | G64: 0.8 | H64: =F64-G64 -> 42.9 | I64: - | K64: 11.6
A65: RAJANGAN | B65: =B64 -> KASTURI | C65: Ball Goni | E65: =E64+1 -> 16 | F65: 35.7 | G65: 1 | H65: =F65-G65 -> 34.7 | I65: - | K65: =SUM(K50:K64) -> 337.5
A66: RAJANGAN | B66: =B65 -> KASTURI | C66: Ball Goni | E66: =E65+1 -> 17 | F66: 41.4 | G66: 1.1 | H66: =F66-G66 -> 40.3 | I66: -
A67: RAJANGAN | B67: =B66 -> KASTURI | C67: Ball Goni | E67: =E66+1 -> 18 | F67: 40.7 | G67: 1 | H67: =F67-G67 -> 39.7 | I67: -
A68: RAJANGAN | B68: =B67 -> KASTURI | C68: Ball Goni | E68: =E67+1 -> 19 | F68: 38.3 | G68: 1 | H68: =F68-G68 -> 37.3 | I68: -
A69: RAJANGAN | B69: =B68 -> KASTURI | C69: Ball Goni | E69: =E68+1 -> 20 | F69: 37.8 | G69: 1 | H69: =F69-G69 -> 36.8 | I69: -
A70: RAJANGAN | B70: =B69 -> KASTURI | C70: Ball Goni | E70: =E69+1 -> 21 | F70: 43.7 | G70: 0.9 | H70: =F70-G70 -> 42.8 | I70: -
A71: RAJANGAN | B71: =B70 -> KASTURI | C71: Ball Goni | E71: =E70+1 -> 22 | F71: 41.2 | G71: 1 | H71: =F71-G71 -> 40.2 | I71: -
A72: RAJANGAN | B72: =B71 -> KASTURI | C72: Ball Goni | E72: =E71+1 -> 23 | F72: 38.5 | G72: 1 | H72: =F72-G72 -> 37.5 | I72: -
A73: RAJANGAN | B73: =B72 -> KASTURI | C73: Ball Goni | E73: =E72+1 -> 24 | F73: 39 | G73: 0.9 | H73: =F73-G73 -> 38.1 | I73: -
A74: RAJANGAN | B74: =B73 -> KASTURI | C74: Ball Goni | E74: =E73+1 -> 25 | F74: 38 | G74: 0.9 | H74: =F74-G74 -> 37.1 | I74: -
A75: RAJANGAN | B75: =B74 -> KASTURI | C75: Ball Goni | E75: =E74+1 -> 26 | F75: 48.6 | G75: 1.3 | H75: =F75-G75 -> 47.3 | I75: -
A76: RAJANGAN | B76: =B75 -> KASTURI | C76: Ball Goni | E76: =E75+1 -> 27 | F76: 42.7 | G76: 1.3 | H76: =F76-G76 -> 41.4 | I76: -
A77: RAJANGAN | B77: =B76 -> KASTURI | C77: Ball Goni | E77: =E76+1 -> 28 | F77: 40.6 | G77: 0.9 | H77: =F77-G77 -> 39.7 | I77: -
... A80: RAJANGAN | B80: =B79 -> KASTURI | C80: Ball Goni | E80: =E79+1 -> 31 | F80: 39.1 | G80: 0.9 | H80: =F80-G80 -> 38.2 | I80: -
A81: GRAND TOTAL | E81: =E80 -> 31 | F81: =SUM(F50:F80) -> 1270.6 | G81: =SUM(G50:G80) -> 31.6 | H81: =SUM(H50:H80) -> 1239
A83: Separation Result :
A84: Product Type | B84: Origin | C84: Pack Type | E84: Product Qty (Kg) | F84: Bits Stem Qty (Kg) | G84: Dust Qty (Kg) | H84: Uncountable Waste Qty (Kg) | I84: TOTAL Qty (Kg)
A85: RAJANGAN | B85: =B80 -> KASTURI | C85: =C80 -> Ball Goni | E85: 854.7 | F85: =K65 -> 337.5 | G85: 26 | H85: =IF(E85="","",(H81-E85-F85-G85)) -> 20.8 | I85: =IF(E85="","",SUM(E85:H85)) -> 1239
A86: PERCENTAGE (YIELD) | E86: =IF(E85="","",E85/$H81) -> 0.68983051 | F86: =IF(F85="","",F85/$H81) -> 0.27239709 | G86: =IF(G85="","",G85/$H81) -> 0.020984665 | H86: =IF(H85="","",H85/$H81) -> 0.016787732 | I86: =IF(I85="","",SUM(E86:H86)) -> 1
A87: Remark :
A88: 1. Gross qty. based on actual weighing during the process.
A89: 2. Tare qty. based on actual weighing during the process.
A90: 3. Uncountable waste qty. based on teoritical calculation.
A91: 4. Percentage Yield based on total Nett. qty actual weighing.
A93: 3. Material Desc : PAITON P10T5
A94: Product Type | B94: Origin | C94: Pack Type | E94: No | F94: Gross (Kg) | G94: Tare (Kg) | H94: Netto ( Kg) | I94: Remark | K94: g | M94: besar
A95: RAJANGAN | B95: PAITON | C95: Ball Goni | E95: 1 | F95: 44.2 | G95: 1.2 | H95: =F95-G95 -> 43 | I95: - | K95: 25.8 | L95: 31 | M95: 2
A96: RAJANGAN | B96: =B95 -> PAITON | C96: Ball Goni | E96: =E95+1 -> 2 | F96: 48.4 | G96: 1 | H96: =F96-G96 -> 47.4 | I96: - | K96: 27.6 | L96: 2
A97: RAJANGAN | B97: =B96 -> PAITON | C97: Ball Goni | E97: =E96+1 -> 3 | F97: 46 | G97: 1 | H97: =F97-G97 -> 45 | I97: - | K97: 29
A98: RAJANGAN | B98: =B97 -> PAITON | C98: Ball Goni | E98: =E97+1 -> 4 | F98: 48.8 | G98: 1.1 | H98: =F98-G98 -> 47.7 | I98: - | K98: 25.1
A99: RAJANGAN | B99: =B98 -> PAITON | C99: Ball Goni | E99: =E98+1 -> 5 | F99: 46.8 | G99: 0.6 | H99: =F99-G99 -> 46.2 | I99: - | K99: 25
A100: RAJANGAN | B100: =B99 -> PAITON | C100: Ball Goni | E100: =E99+1 -> 6 | F100: 49.3 | G100: 1.1 | H100: =F100-G100 -> 48.2 | I100: - | K100: 21
A101: RAJANGAN | B101: =B100 -> PAITON | C101: Ball Goni | E101: =E100+1 -> 7 | F101: 45 | G101: 0.9 | H101: =F101-G101 -> 44.1 | I101: - | K101: =SUM(K95:K100) -> 153.5
A102: RAJANGAN | B102: =B101 -> PAITON | C102: Ball Goni | E102: =E101+1 -> 8 | F102: 44.8 | G102: 0.9 | H102: =F102-G102 -> 43.9 | I102: -
A103: RAJANGAN | B103: =B102 -> PAITON | C103: Ball Goni | E103: =E102+1 -> 9 | F103: 45.8 | G103: 1.2 | H103: =F103-G103 -> 44.6 | I103: -
A104: RAJANGAN | B104: =B103 -> PAITON | C104: Ball Goni | E104: =E103+1 -> 10 | F104: 45.1 | G104: 1.1 | H104: =F104-G104 -> 44 | I104: -
A105: RAJANGAN | B105: =B104 -> PAITON | C105: Ball Goni | E105: =E104+1 -> 11 | F105: 47.3 | G105: 1.5 | H105: =F105-G105 -> 45.8 | I105: -
A106: RAJANGAN | B106: =B105 -> PAITON | C106: Ball Goni | E106: =E105+1 -> 12 | F106: 49.4 | G106: 1.2 | H106: =F106-G106 -> 48.2 | I106: -
A107: RAJANGAN | B107: =B106 -> PAITON | C107: Ball Goni | E107: =E106+1 -> 13 | F107: 47.9 | G107: 1.7 | H107: =F107-G107 -> 46.2 | I107: -
A108: RAJANGAN | B108: =B107 -> PAITON | C108: Ball Goni | E108: =E107+1 -> 14 | F108: 47.1 | G108: 1.4 | H108: =F108-G108 -> 45.7 | I108: -
A109: RAJANGAN | B109: =B108 -> PAITON | C109: Ball Goni | E109: =E108+1 -> 15 | F109: 45.7 | G109: 1 | H109: =F109-G109 -> 44.7 | I109: -
A110: RAJANGAN | B110: =B109 -> PAITON | C110: Ball Goni | E110: =E109+1 -> 16 | F110: 46.3 | G110: 1.4 | H110: =F110-G110 -> 44.9 | I110: -
A111: RAJANGAN | B111: =B110 -> PAITON | C111: Ball Goni | E111: =E110+1 -> 17 | F111: 46.2 | G111: 1.3 | H111: =F111-G111 -> 44.9 | I111: -
A112: RAJANGAN | B112: =B111 -> PAITON | C112: Ball Goni | E112: =E111+1 -> 18 | F112: 44.1 | G112: 1 | H112: =F112-G112 -> 43.1 | I112: -
...

Sheet SPR Batch25
A1: PROCESS CERTIFICATE
A3: DELIVERY NOTE (DN) :
A4: Customer | B4: : PT. Falih Nur Gemilang | H4: Issued Date :
A6: Product Type | B6: Origin | C6: Total Pack (Unit) | D6: Pack Type | E6: Gross (Kg) | F6: Tare (Kg) | G6: Netto ( Kg) | H6: Date of Receipt | I6: Delivery Note Number
A7: RAJANGAN | B7: PAITON P10T5 | C7: 37 | D7: Ball Goni | E7: 1815.6 | F7: =G65 -> 44.9 | G7: =E7-F7 -> 1770.7 | H7: 46226 | I7: SJ/FNG/VT/23/07/26
A8: RAJANGAN | B8: LOMBOK P9K5 | C8: 28 | D8: Ball Goni | E8: 1432 | F8: =G108 -> 33.2 | G8: =E8-F8 -> 1398.8 | H8: 46226 | I8: SJ/FNG/VT/23/07/26
A10: Remark :
A11: 1. Gross qty. Based on Delivery Note.
A12: 2. Tare qty. Based on actual weighing during the process.
A14: MATERIAL RECEIPT LIST (MRL) :
A16: Product Type | B16: Origin | C16: Total Pack (Unit) | D16: Pack Type | E16: Gross (Kg) | F16: Tare (Kg) | G16: Netto ( Kg) | H16: Date of Receipt | I16: Weight Discrepancy DN vs MRL (Kg)
A17: RAJANGAN | B17: =B7 -> PAITON P10T5 | C17: 37 | D17: Ball Goni | E17: 1818 | F17: =F7 -> 44.9 | G17: =E17-F17 -> 1773.1 | H17: =H7 -> 46226 | I17: =E17-E7 -> 2.4
A18: RAJANGAN | B18: =B8 -> LOMBOK P9K5 | C18: 28 | D18: Ball Goni | E18: 1433.9 | F18: =F8 -> 33.2 | G18: =E18-F18 -> 1400.7 | H18: =H8 -> 46226 | I18: =E18-E8 -> 1.9
A20: Remark :
A21: 1. Gross qty. Based on Material receipt list.
A22: 2. Tare qty. Based on actual weighing during the process.
A23: SEPARATION RESULTS REPORT :
A25: 1. Material Desc : PAITON P10T5
A26: Product Type | B26: Origin | C26: Pack Type | E26: No | F26: Gross (Kg) | G26: Tare (Kg) | H26: Netto ( Kg) | I26: Remark
A27: RAJANGAN | B27: PAITON | C27: Ball Goni | E27: 1 | F27: 52.2 | G27: 1 | H27: =F27-G27 -> 51.2 | I27: -
A28: RAJANGAN | B28: =B27 -> PAITON | C28: Ball Goni | E28: =E27+1 -> 2 | F28: 47.9 | G28: 1 | H28: =F28-G28 -> 46.9 | I28: -
A29: RAJANGAN | B29: =B28 -> PAITON | C29: Ball Goni | E29: =E28+1 -> 3 | F29: 51.5 | G29: 1.5 | H29: =F29-G29 -> 50 | I29: -
A30: RAJANGAN | B30: =B29 -> PAITON | C30: Ball Goni | E30: =E29+1 -> 4 | F30: 46.5 | G30: 1.1 | H30: =F30-G30 -> 45.4 | I30: -
A31: RAJANGAN | B31: =B30 -> PAITON | C31: Ball Goni | E31: =E30+1 -> 5 | F31: 47.9 | G31: 1.2 | H31: =F31-G31 -> 46.7 | I31: -
A32: RAJANGAN | B32: =B31 -> PAITON | C32: Ball Goni | E32: =E31+1 -> 6 | F32: 47.1 | G32: 1.6 | H32: =F32-G32 -> 45.5 | I32: -
A33: RAJANGAN | B33: =B32 -> PAITON | C33: Ball Goni | E33: =E32+1 -> 7 | F33: 49.6 | G33: 1 | H33: =F33-G33 -> 48.6 | I33: -
A34: RAJANGAN | B34: =B33 -> PAITON | C34: Ball Goni | E34: =E33+1 -> 8 | F34: 49.5 | G34: 1.1 | H34: =F34-G34 -> 48.4 | I34: -
A35: RAJANGAN | B35: =B34 -> PAITON | C35: Ball Goni | E35: =E34+1 -> 9 | F35: 49.8 | G35: 1.1 | H35: =F35-G35 -> 48.7 | I35: -
A36: RAJANGAN | B36: =B35 -> PAITON | C36: Ball Goni | E36: =E35+1 -> 10 | F36: 48.5 | G36: 1.1 | H36: =F36-G36 -> 47.4 | I36: -
A37: RAJANGAN | B37: =B36 -> PAITON | C37: Ball Goni | E37: =E36+1 -> 11 | F37: 50.2 | G37: 1.2 | H37: =F37-G37 -> 49 | I37: -
A38: RAJANGAN | B38: =B37 -> PAITON | C38: Ball Goni | E38: =E37+1 -> 12 | F38: 46.5 | G38: 1.5 | H38: =F38-G38 -> 45 | I38: -
A39: RAJANGAN | B39: =B38 -> PAITON | C39: Ball Goni | E39: =E38+1 -> 13 | F39: 49.9 | G39: 1.5 | H39: =F39-G39 -> 48.4 | I39: -
... A46: RAJANGAN | B46: =B45 -> PAITON | C46: Ball Goni | E46: =E45+1 -> 20 | F46: 51.2 | G46: 1 | H46: =F46-G46 -> 50.2 | I46: -
A47: RAJANGAN | B47: =B36 -> PAITON | C47: Ball Goni | E47: =E46+1 -> 21 | F47: 50 | G47: 1.1 | H47: =F47-G47 -> 48.9 | I47: -
A48: RAJANGAN | B48: =B47 -> PAITON | C48: Ball Goni | E48: =E47+1 -> 22 | F48: 48.7 | G48: 1.1 | H48: =F48-G48 -> 47.6 | I48: -
A49: RAJANGAN | B49: =B48 -> PAITON | C49: Ball Goni | E49: =E48+1 -> 23 | F49: 49.7 | G49: 0.9 | H49: =F49-G49 -> 48.8 | I49: -
A50: RAJANGAN | B50: =B49 -> PAITON | C50: Ball Goni | E50: =E49+1 -> 24 | F50: 49.4 | G50: 1.4 | H50: =F50-G50 -> 48 | I50: -
A51: RAJANGAN | B51: =B50 -> PAITON | C51: Ball Goni | E51: =E50+1 -> 25 | F51: 48.1 | G51: 1.1 | H51: =F51-G51 -> 47 | I51: -
A52: RAJANGAN | B52: =B51 -> PAITON | C52: Ball Goni | E52: =E51+1 -> 26 | F52: 47.2 | G52: 1.4 | H52: =F52-G52 -> 45.8 | I52: -
A53: RAJANGAN | B53: =B52 -> PAITON | C53: Ball Goni | E53: =E52+1 -> 27 | F53: 46.7 | G53: 1.1 | H53: =F53-G53 -> 45.6 | I53: -
A54: RAJANGAN | B54: =B53 -> PAITON | C54: Ball Goni | E54: =E53+1 -> 28 | F54: 48.6 | G54: 1.1 | H54: =F54-G54 -> 47.5 | I54: -
A55: RAJANGAN | B55: =B54 -> PAITON | C55: Ball Goni | E55: =E54+1 -> 29 | F55: 49 | G55: 1.1 | H55: =F55-G55 -> 47.9 | I55: -
A56: RAJANGAN | B56: =B55 -> PAITON | C56: Ball Goni | E56: =E55+1 -> 30 | F56: 48 | G56: 1 | H56: =F56-G56 -> 47 | I56: -
A57: RAJANGAN | B57: =B46 -> PAITON | C57: Ball Goni | E57: =E56+1 -> 31 | F57: 51.4 | G57: 1.5 | H57: =F57-G57 -> 49.9 | I57: -
A58: RAJANGAN | B58: =B57 -> PAITON | C58: Ball Goni | E58: =E57+1 -> 32 | F58: 47.4 | G58: 1 | H58: =F58-G58 -> 46.4 | I58: -
A59: RAJANGAN | B59: =B58 -> PAITON | C59: Ball Goni | E59: =E58+1 -> 33 | F59: 52.3 | G59: 1.4 | H59: =F59-G59 -> 50.9 | I59: -
A60: RAJANGAN | B60: =B59 -> PAITON | C60: Ball Goni | E60: =E59+1 -> 34 | F60: 46.7 | G60: 0.9 | H60: =F60-G60 -> 45.8 | I60: -
A61: RAJANGAN | B61: =B60 -> PAITON | C61: Ball Goni | E61: =E60+1 -> 35 | F61: 45 | G61: 1.4 | H61: =F61-G61 -> 43.6 | I61: -
A62: RAJANGAN | B62: =B61 -> PAITON | C62: Ball Goni | E62: =E61+1 -> 36 | F62: 46.3 | G62: 1 | H62: =F62-G62 -> 45.3 | I62: -
A63: RAJANGAN | B63: =B62 -> PAITON | C63: Ball Goni | E63: =E62+1 -> 37 | F63: 47.6 | G63: 1.2 | H63: =F63-G63 -> 46.4 | I63: -
A64: RAJANGAN | B64: =B63 -> PAITON | C64: Ball Goni | E64: =E63+1 -> 38 | F64: 22 | G64: 0.2 | H64: =F64-G64 -> 21.8 | I64: Remnant
A65: GRAND TOTAL | E65: =E64 -> 38 | F65: =SUM(F27:F64) -> 1817.9 | G65: =SUM(G27:G64) -> 44.9 | H65: =SUM(H27:H64) -> 1773
A67: Separation Result :
A68: Product Type | B68: Origin | C68: Pack Type | E68: Product Qty (Kg) | F68: Bits Stem Qty (Kg) | G68: Dust Qty (Kg) | H68: Uncountable Waste Qty (Kg) | I68: TOTAL Qty (Kg)
A69: RAJANGAN | B69: =B27 -> PAITON | C69: =C27 -> Ball Goni | E69: 1413 | F69: 319.2 | G69: 29.3 | H69: =IF(E69="","",(H65-E69-F69-G69)) -> 11.5 | I69: =IF(E69="","",SUM(E69:H69)) -> 1773
A70: PERCENTAGE (YIELD) | E70: =IF(E69="","",E69/$H65) -> 0.79695431 | F70: =IF(F69="","",F69/$H65) -> 0.18003384 | G70: =IF(G69="","",G69/$H65) -> 0.016525663 | H70: =IF(H69="","",H69/$H65) -> 0.0064861816 | I70: =IF(I69="","",SUM(E70:H70)) -> 1
A71: Remark :
A72: 1. Gross qty. based on actual weighing during the process.
A73: 2. Tare qty. based on actual weighing during the process.
A74: 3. Uncountable waste qty. based on teoritical calculation.
A75: 4. Percentage Yield based on total Nett. qty actual weighing.
A77: 2. Material Desc : LOMBOK P9K5
A78: Product Type | B78: Origin | C78: Pack Type | E78: No | F78: Gross (Kg) | G78: Tare (Kg) | H78: Netto ( Kg) | I78: Remark
A79: RAJANGAN | B79: LOMBOK | C79: Ball Goni | E79: 1 | F79: 53.7 | G79: 1 | H79: =F79-G79 -> 52.7 | I79: -
A80: RAJANGAN | B80: =B79 -> LOMBOK | C80: Ball Goni | E80: =E79+1 -> 2 | F80: 52.1 | G80: 1.3 | H80: =F80-G80 -> 50.8 | I80: -
A81: RAJANGAN | B81: =B80 -> LOMBOK | C81: Ball Goni | E81: =E80+1 -> 3 | F81: 48.9 | G81: 1 | H81: =F81-G81 -> 47.9 | I81: -
A82: RAJANGAN | B82: =B81 -> LOMBOK | C82: Ball Goni | E82: =E81+1 -> 4 | F82: 51 | G82: 1.2 | H82: =F82-G82 -> 49.8 | I82: -
A83: RAJANGAN | B83: =B82 -> LOMBOK | C83: Ball Goni | E83: =E82+1 -> 5 | F83: 51 | G83: 0.9 | H83: =F83-G83 -> 50.1 | I83: -
A84: RAJANGAN | B84: =B83 -> LOMBOK | C84: Ball Goni | E84: =E83+1 -> 6 | F84: 49.5 | G84: 1 | H84: =F84-G84 -> 48.5 | I84: -
A85: RAJANGAN | B85: =B84 -> LOMBOK | C85: Ball Goni | E85: =E84+1 -> 7 | F85: 51.4 | G85: 1.1 | H85: =F85-G85 -> 50.3 | I85: -
A86: RAJANGAN | B86: =B85 -> LOMBOK | C86: Ball Goni | E86: =E85+1 -> 8 | F86: 51.1 | G86: 1.1 | H86: =F86-G86 -> 50 | I86: -
A87: RAJANGAN | B87: =B86 -> LOMBOK | C87: Ball Goni | E87: =E86+1 -> 9 | F87: 51.4 | G87: 1.1 | H87: =F87-G87 -> 50.3 | I87: -
A88: RAJANGAN | B88: =B87 -> LOMBOK | C88: Ball Goni | E88: =E87+1 -> 10 | F88: 52.8 | G88: 1.1 | H88: =F88-G88 -> 51.7 | I88: -
A89: RAJANGAN | B89: =B88 -> LOMBOK | C89: Ball Goni | E89: =E88+1 -> 11 | F89: 50.7 | G89: 1 | H89: =F89-G89 -> 49.7 | I89: -
A90: RAJANGAN | B90: =B89 -> LOMBOK | C90: Ball Goni | E90: =E89+1 -> 12 | F90: 51 | G90: 1.1 | H90: =F90-G90 -> 49.9 | I90: -
A91: RAJANGAN | B91: =B90 -> LOMBOK | C91: Ball Goni | E91: =E90+1 -> 13 | F91: 49.7 | G91: 1.1 | H91: =F91-G91 -> 48.6 | I91: -
... A93: RAJANGAN | B93: =B92 -> LOMBOK | C93: Ball Goni | E93: =E92+1 -> 15 | F93: 49.6 | G93: 1.1 | H93: =F93-G93 -> 48.5 | I93: -
A94: RAJANGAN | B94: =B86 -> LOMBOK | C94: Ball Goni | E94: =E93+1 -> 16 | F94: 45 | G94: 1.1 | H94: =F94-G94 -> 43.9 | I94: -
A95: RAJANGAN | B95: =B94 -> LOMBOK | C95: Ball Goni | E95: =E94+1 -> 17 | F95: 49.6 | G95: 1 | H95: =F95-G95 -> 48.6 | I95: -
A96: RAJANGAN | B96: =B95 -> LOMBOK | C96: Ball Goni | E96: =E95+1 -> 18 | F96: 52.9 | G96: 1.1 | H96: =F96-G96 -> 51.8 | I96: -
A97: RAJANGAN | B97: =B96 -> LOMBOK | C97: Ball Goni | E97: =E96+1 -> 19 | F97: 53.7 | G97: 1.2 | H97: =F97-G97 -> 52.5 | I97: -
A98: RAJANGAN | B98: =B97 -> LOMBOK | C98: Ball Goni | E98: =E97+1 -> 20 | F98: 51.4 | G98: 1.1 | H98: =F98-G98 -> 50.3 | I98: -
A99: RAJANGAN | B99: =B98 -> LOMBOK | C99: Ball Goni | E99: =E98+1 -> 21 | F99: 49.7 | G99: 1.1 | H99: =F99-G99 -> 48.6 | I99: -
A100: RAJANGAN | B100: =B99 -> LOMBOK | C100: Ball Goni | E100: =E99+1 -> 22 | F100: 52.1 | G100: 1 | H100: =F100-G100 -> 51.1 | I100: -
A101: RAJANGAN | B101: =B93 -> LOMBOK | C101: Ball Goni | E101: =E100+1 -> 23 | F101: 48.1 | G101: 1 | H101: =F101-G101 -> 47.1 | I101: -
A102: RAJANGAN | B102: =B101 -> LOMBOK | C102: Ball Goni | E102: =E101+1 -> 24 | F102: 53.4 | G102: 1.2 | H102: =F102-G102 -> 52.2 | I102: -
A103: RAJANGAN | B103: =B102 -> LOMBOK | C103: Ball Goni | E103: =E102+1 -> 25 | F103: 50.7 | G103: 1.9 | H103: =F103-G103 -> 48.8 | I103: -
A104: RAJANGAN | B104: =B103 -> LOMBOK | C104: Ball Goni | E104: =E103+1 -> 26 | F104: 53.4 | G104: 1.9 | H104: =F104-G104 -> 51.5 | I104: -
A105: RAJANGAN | B105: =B104 -> LOMBOK | C105: Ball Goni | E105: =E104+1 -> 27 | F105: 50.6 | G105: 1.9 | H105: =F105-G105 -> 48.7 | I105: -
A106: RAJANGAN | B106: =B105 -> LOMBOK | C106: Ball Goni | E106: =E105+1 -> 28 | F106: 50.3 | G106: 1.3 | H106: =F106-G106 -> 49 | I106: -
A107: RAJANGAN | B107: =B106 -> LOMBOK | C107: Ball Goni | E107: =E106+1 -> 29 | F107: 10 | G107: 0.2 | H107: =F107-G107 -> 9.8 | I107: Remnant
A108: GRAND TOTAL | E108: =E107 -> 29 | F108: =SUM(F79:F107) -> 1433.9 | G108: =SUM(G79:G107) -> 33.2 | H108: =SUM(H79:H107) -> 1400.7
A110: Separation Result :
A111: Product Type | B111: Origin | C111: Pack Type | E111: Product Qty (Kg) | F111: Bits Stem Qty (Kg) | G111: Dust Qty (Kg) | H111: Uncountable Waste Qty (Kg) | I111: TOTAL Qty (Kg)
A112: RAJANGAN | B112: =B79 -> LOMBOK | C112: =C79 -> Ball Goni | E112: 1029.5 | F112: 331.6 | G112: 26.2 | H112: =IF(E112="","",(H108-E112-F112-G112)) -> 13.4 | I112: =IF(E112="","",SUM(E112:H112)) -> 1400.7
A113: PERCENTAGE (YIELD) | E113: =IF(E112="","",E112/$H108) -> 0.73498965 | F113: =IF(F112="","",F112/$H108) -> 0.23673877 | G113: =IF(G112="","",G112/$H108) -> 0.018704933 | H113: =IF(H112="","",H112/$H108) -> 0.0095666452 | I113: =IF(I112="","",SUM(E113:H113)) -> 1
A114: Remark :
A115: 1. Gross qty. based on actual weighing during the process.
A116: 2. Tare qty. based on actual weighing during the process.
A117: 3. Uncountable waste qty. based on teoritical calculation.
...
